title,link,content,date
Top 20 Featured Classified Jobs To Apply This Week,https://opportunitiesforyoungkenyans.co.ke/2018/03/30/top-classified-jobs-apply-week/,"Top Classified Jobs To Apply This Week STILL HIRING IN 2018... Java House in Nairobi.. Mombasa..Kisumu,. Kampala ( Uganda ) and Dodoma ( Tanzania ) all looking for waiters.. Kitchen servants.. Dish washers, Drivers, Legal interns, Cooks Stewards, Baristas, Receptionists, Cooks and many restaurants positions. You dont need qualifications.. They will train you. Go to their website https://goo.gl/vKm7XK Tuskys Are Hiring https://goo.gl/PQ1hmU Bidco Hiring https://goo.gl/GKpfzX 440 Sponsored Scholarships At KIHBT https://goo.gl/MUHWKx Customer Care Clerks for a Bank(16 openings) https://goo.gl/2SzYA9 Apply For More Than 200 Jobs Advertised On Daily Nation This Week https://goo.gl/Fe6Ay6 9 Vacancies Open At UoN https://goo.gl/312Ygk Car Wash Attendants Needed At Extreme Clean Kenya https://goo.gl/c5p7wa NSSF Hiring Casual Workers https://goo.gl/Ci5tjm 12 Intern Posts Open At KNHRC https://goo.gl/oDV7sn Standard Group Hiring, 5 Fields https://goo.gl/TA3QDD KRA Hiring https://goo.gl/ZvAPKb 20 Internship Vacancies Open In Nairobi County Government https://goo.gl/U83BaE 34 Vacancies Open At EACC https://goo.gl/YUuVno Customers Care, Web Developers Needed https://goo.gl/HTmDbB EABL Hiring https://goo.gl/daRU75 BM Security Hiring In 4 Areas https://goo.gl/rVmVbo KPLC Hiring Interns https://goo.gl/eWTKHp SGR Hiring https://goo.gl/5VT3C5 Tuskys Are Hiring https://goo.gl/KULBzR",2018-03-30
Bidco Hiring,https://opportunitiesforyoungkenyans.co.ke/2018/03/30/bidco-hiring/,"Are you a young footballer with skillful talents. Check the opportunity below @BidcoGroup proud of the team to be No 1 in the #NSL in #Kenya .I'm looking for very good young talented footballers who can also be given a job and play for our #football club pic.twitter.com/0l9rfmsZlR  Chris Diaz EBS (@DiazChrisAfrica) March 17, 2018",2018-03-30
440 Sponsored Scholarships At KIHBT,https://opportunitiesforyoungkenyans.co.ke/2018/03/30/440-sponsored-scholarships-kihbt/,,2018-03-30
Beauty Consultant Needed,https://opportunitiesforyoungkenyans.co.ke/2018/03/30/beauty-consultant-needed/,,2018-03-30
Church Coordinator Needed,https://opportunitiesforyoungkenyans.co.ke/2018/03/30/church-coordinator-needed/,,2018-03-30
Customer Care Clerks for a Bank(16 openings),https://opportunitiesforyoungkenyans.co.ke/2018/03/30/customer-care-clerks-bank16-openings/,,2018-03-30
Aply For More Than 200 Jobs Advertised On Daily Nation This Week,https://opportunitiesforyoungkenyans.co.ke/2018/03/30/aply-200-jobs-advertised-daily-nation-week/,,2018-03-30
9 Vacancies Open At UoN,https://opportunitiesforyoungkenyans.co.ke/2018/03/30/9-vacancies-open-uon/,,2018-03-30
Credit Controller Needed,https://opportunitiesforyoungkenyans.co.ke/2018/03/30/credit-controller-needed/,,2018-03-30
Car Wash Attendants Needed At Extreme Clean Kenya,https://opportunitiesforyoungkenyans.co.ke/2018/03/30/7199/,Interested? Send CV and application letter to [email protected] indicating the job you are applying for,2018-03-30
Apply For Production Funds,https://opportunitiesforyoungkenyans.co.ke/2018/03/30/apply-production-funds/,Armed with ideas and procrastinating on a media project? Dont delay  apply for our Production Fund! Supporting emerging filmmakers and journalists to tell important stories from the developing world. Deadline 1 April http:// bit.ly/productionfund,2018-03-30
Pam Golding Hiring,https://opportunitiesforyoungkenyans.co.ke/2018/03/30/pam-golding-hiring/,"Requirements: High attention to detail Ability to manage multiple projects in fast-paced environment Great communication skills, Bachelors Degree in Marketing Minimum of 2 years experience Send applications to [email protected] . Applications close 6/4/18",2018-03-30
NSSF Hiring Casual Workers,https://opportunitiesforyoungkenyans.co.ke/2018/03/30/nssf-hiring-casual-workers/,,2018-03-30
12 Intern Posts Open At KNHRC,https://opportunitiesforyoungkenyans.co.ke/2018/03/30/12-intern-posts-open-knhrc/,,2018-03-30
Waiters Needed,https://opportunitiesforyoungkenyans.co.ke/2018/03/30/waiters-needed-2/,,2018-03-30
Art Director Needed,https://opportunitiesforyoungkenyans.co.ke/2018/03/30/art-director-needed/,,2018-03-30
"Standard Group Hiring, 5 Fields",https://opportunitiesforyoungkenyans.co.ke/2018/03/30/standard-group-hiring-5-fields/,"VACANCIES NO JOB TITLE CLOSING DATE JOB DETAILS APPLY 1 BUSINESS EXECUTIVES 30 Fri Mar, 2018 12:00am Download Apply 2 ebusiness Development Manager 31 Sat Mar, 2018 12:00am Download Apply 3 Data Scientist 31 Sat Mar, 2018 12:00am Download Apply 4 AREA SALES MANAGER 8 Sun Apr, 2018 12:00am Download Apply 5 BUSINESS EXECUTIVES  COMMERCIAL 8 Sun Apr, 2018 12:00am Download Apply Standard Group Kenya  Recruitment Portal",2018-03-30
KRA Hiring,https://opportunitiesforyoungkenyans.co.ke/2018/03/30/kra-hiring-2/,We are hiring! Assistant Manager- Digital Communication. Deadline 3rd April 2018. Application details click here: http:// kra.go.ke/index.php/care ers/kra-vacancy-ad-28032018 ...,2018-03-30
Davis Hiring,https://opportunitiesforyoungkenyans.co.ke/2018/03/30/davis-hiring/,Ever wanted to work in a World Class company and be part of a great team? Were looking for persons to fill in the below positions: Project Engineer Water Treatment Engineers Software Development Assistant Accounts Intern See more details at https:// goo.gl/PT2W6b,2018-03-30
Graduate Internship Program At Plan Internation,https://opportunitiesforyoungkenyans.co.ke/2018/03/30/graduate-internship-program-plan-internation/,,2018-03-30
UNOCHA Hiring,https://opportunitiesforyoungkenyans.co.ke/2018/03/30/unocha-hiring/,We are looking for a passionate Kenyan Information Management Officer to join @ UNOCHA_ROSEA team in Nairobi. Check the details and apply online here: https:// jobs.undp.org/cj_view_job.cf m?cur_job_id=77892 ...,2018-03-30
"Jambo Pay Hiring , 7 Vacancies",https://opportunitiesforyoungkenyans.co.ke/2018/03/30/jumbo-pay-hiring/,,2018-03-30
6 Opportunities Open At Farm Driver,https://opportunitiesforyoungkenyans.co.ke/2018/03/30/6-opportunities-open-farm-driver/,Want to join us? Data Science Interns Director of Business Development Chief Accountant Recovery & Collections Manager Senior Software Engineer Software Engineering Interns APPLY,2018-03-30
Research Manager Needed,https://opportunitiesforyoungkenyans.co.ke/2018/03/30/research-manager-needed/,"We are looking for a Research Manager to join our team! We conduct research on digital policy and regulation that facilitates evidence-based policy making for improved access, use, and application of ICT for sustainable development in Africa. https:// bit.ly/2pI3DxB",2018-03-30
20 Internship Vacancies Open In Nairobi County Government,https://opportunitiesforyoungkenyans.co.ke/2018/03/30/20-internship-vacancies-open-nairobi-county-government/,,2018-03-30
"Customers Care, Web Developers Needed",https://opportunitiesforyoungkenyans.co.ke/2018/03/30/customers-care-web-developers-needed/,"Flightradar24 is growing fast, so we are # hiring  Android developer  Customer support representative  Decoder software developer  iOS developer  QA/Test lead  Senior C++ developer  Site reliability engineer  Web developer https://www. flightradar24.com/careers",2018-03-30
34 Vacancies Open At EACC,https://opportunitiesforyoungkenyans.co.ke/2018/03/30/34-vacancies-open-eacc/,,2018-03-30
EABL Hiring,https://opportunitiesforyoungkenyans.co.ke/2018/03/30/eabl-hiring/,,2018-03-30
Talented Web Developers Needed,https://opportunitiesforyoungkenyans.co.ke/2018/03/30/talented-web-developers-needed/,Were looking for a talented Web Developer. APPLY NOW! >> http:// yellowpageskenya.com/site/careers/,2018-03-30
BM Security Hiring In 4 Areas,https://opportunitiesforyoungkenyans.co.ke/2018/03/30/bm-security-hiring/,,2018-03-30
IMLU Hiring Interns,https://opportunitiesforyoungkenyans.co.ke/2018/03/30/imlu-hiring-interns/,,2018-03-30
KPLC Hiring Interns,https://opportunitiesforyoungkenyans.co.ke/2018/03/30/kplc-hiring-interns-2/,,2018-03-30
SGR Hiring,https://opportunitiesforyoungkenyans.co.ke/2018/03/30/sgr-hiring/,"BEAT THE DEADLINE # SGRSection1 is recruiting qualified mobile crane operators with at least 4 years experience in operating hydraulic mobile cranes. To apply drop your CV at the Rangau, Rongai # SGRPhase2A site Contact the HR Department through 0705217277 or 0788189939",2018-03-30
"Three Star Hotel Vacancy, Cooks/Chefs, Receptionists And Waiters/Waitresses Needed",https://opportunitiesforyoungkenyans.co.ke/2018/03/25/7083/,"Three star business traveler hotel based in high end side of Nairobi city is hiring from March. The applicants should be available to start working ASAP The following vacancies are open Experienced female Receptionists who will double as marketers  5 Vacancies Chefs/Cooks- 3 vacancies Waitresses  3 Vacancies Requirements Must demonstrate high standards of professionalism and competence while at work Need to have vast experience in the relevant field you are interested with. You need to have passion, enthusiasm, determination and commitment at work Good educational background with great communicational skills Should be well versed with current trends in the hotel industry Poses Courteous manners, genuine sincerity and quick wit at work Application Apply indicating your detailed work experience and expected daily wages plus expected monthly salaries on sixth month contract. Send your application letter, CV and a current passport size photo (You do not have to walk to a studio, take a nice passport size photo with a phone) to [email protected] Important Note This is an awesome job opportunity that offers you a permanent employment after six months based on your merit, this gives you a lucrative chance to prove yourself , besides you have been given a window to state your salary, do it wisely Share with your friends and families who can take up the tasks mentioned above. All the best in your applications.",2018-03-25
"Three Star Hotel Vacancy, Cooks/Chefs Needed",https://opportunitiesforyoungkenyans.co.ke/2018/03/24/three-star-hotel-vacancy-cookschefs-needed/,"Three star business traveler hotel based in high end side of Nairobi city is hiring chefs/cooks from March. The applicants should be available to start working ASAP Qualifications 1.Experience in Hospitality Industry is a mandatory 2.Have a detailed CV 3.Have vast experience in the field of hospitality 4.Self Motivated and driven person 5.Be a go-getter person with confidence 6.Poses Courteous manners, genuine sincerity and quick wit at work 7.Must demonstrate high standards of professionalism and competence while at work Salary and Remunerations Please state in your application letter the salary you expect to earn from the position Experience Should have good experience in the filed you are applying The hotel basically requires excellent chefs/cooks Application Send your application letter, CV and a current passport size photo (You do not have to walk to a studio, take a nice passport size photo with a phone) to [email protected] The Title of your Application on email MUST Read Ref -A Application For General Chef/Cook Position The Application is officially on from 24th March 2018. Best of luck! Remember to share with friends and families who might have the qualification above",2018-03-24
Tuskys Are Hiring,https://opportunitiesforyoungkenyans.co.ke/2018/03/21/tuskys-are-hiring/,,2018-03-21
Personal Assistant Wanted,https://opportunitiesforyoungkenyans.co.ke/2018/03/21/personal-assistant-wanted/,,2018-03-21
Factor Ventures Hiring,https://opportunitiesforyoungkenyans.co.ke/2018/03/21/factor-ventures-hiring/,"Factor[e] Ventures are seed-stage technology venture capitalists that have a strong belief that technology can have a profound and positive impact in developing countries, and we at Nairobi Garage fully agree with them!  With offices based in different parts of the world, you can find them in Nairobi (Kenya), Pune (India), and Fort Collins (Colorado, USA). Armed with the mission to improve lives, they work in conjunction with other like-minded ventures to build and maintain access to sustainable energy and related services (Access to electricity, Waste and resource management, Mobility and Agriculture) in developing countries. FACTOR[E] HAS A NEW AMAZING OPPORTUNITY They are looking for a hard-working, creative, technically-savvy, passionate, and visionary East African entrepreneur who will be committed to building a venture in partnership with them.  This Entrepreneur in Residence (EIR) 6-month programme is designed to work as a partnership between Factor[e] and the successful applicant as a start point of a long-term journey towards building a highly impactful venture. During this programme, supported by Bohemian Impact Investments , Factor[e] will identify gaps in the markets that they are passionate about and eventually support the ventures that address these gaps.  If they cannot find the appropriate venture that can address these gaps, they will find the world-class entrepreneurs who fit the bill and partner with them to seize these opportunities. Last year they co-founded Odyssey Energy Solutions and this year they are looking to do something along the same lines with an East African Entrepreneur for the East African Market. DO YOU THINK YOU HAVE WHAT IT TAKES? If this sounds like something right up your alley, please read through the Job Description for more details, fill in the EIR application form and upload your CV and cover letter. Applications close: Monday, March 26th, 2018",2018-03-21
Interns Wanted At African Development Bank,https://opportunitiesforyoungkenyans.co.ke/2018/03/21/interns-wanted-african-development-bank/,"Internship Programme The primary objectives of the Internship Program at the African Development Bank Group are to deepen the Banks efforts to advance development within its regional member countries (RMC) through capacity building activities. The broad objectives of the Program are to provide the opportunity to acquire and develop the ability to work in an international environment, provide the Bank a pool of potential candidates in the future and enhance the visibility of the Bank and its development activities. Learn about the Internship Program Overview Eligibility Requirements Selection cycle Terms and conditions Apply for this program",2018-03-21
Sales Executives Needed At ICCG,https://opportunitiesforyoungkenyans.co.ke/2018/03/21/sales-executives-needed-2/,,2018-03-21
"SGR Jobs, Passenger Stewards, Train Crews, Cargo Workers , Signal Directors, Flow Managers, Chinese Translators",https://opportunitiesforyoungkenyans.co.ke/2018/03/20/jobs-2/,,2018-03-20
M& E Officer Needed,https://opportunitiesforyoungkenyans.co.ke/2018/03/20/m-e-officer-needed/,,2018-03-20
Community Trainer wanted,https://opportunitiesforyoungkenyans.co.ke/2018/03/20/community-trainer-wanted/,,2018-03-20
Community Mobilizer Wanted,https://opportunitiesforyoungkenyans.co.ke/2018/03/20/community-mobilizer-job/,,2018-03-20
Hospital Manager Needed,https://opportunitiesforyoungkenyans.co.ke/2018/03/20/hospital-manager-needed/,,2018-03-20
Paid Internship Available At MNE,https://opportunitiesforyoungkenyans.co.ke/2018/03/20/paid-internship-available-dgm/,,2018-03-20
Colour My World Kenya Hiring Volunteers,https://opportunitiesforyoungkenyans.co.ke/2018/03/20/colour-world-kenya-hiring-volunteers/,,2018-03-20
IT Intern Needed,https://opportunitiesforyoungkenyans.co.ke/2018/03/20/it-intern-needed/,,2018-03-20
Writers Needed At CM,https://opportunitiesforyoungkenyans.co.ke/2018/03/20/writers-needed-at/,,2018-03-20
"Front Office, Receptionists Wanted At Zimele",https://opportunitiesforyoungkenyans.co.ke/2018/03/20/front-office-receptionists-wanted-zimele/,"Receptionist We invite applications for an energetic, motivated person to manage the companys front office duties. Responsibilities  Initial point of contact for all visitors to the office  Interact with clients and assist them accordingly  Coordinating client inquiries and the available workspace  Handle of all communication (responding to emails, answering phone calls and receiving other correspondence)  Receive and relay messages at the office  Receive and sort mail and deliveries  Keep documents, filing  Provide general administrative and clerical support  Perform any other duties as may be assigned by the management from time to time Qualifications and Competencies  A minimum of a diploma in a business related field  At least 1  2 years work experience  Good written and verbal communication skills  Ability to multi-task and prioritize project  Ability to handle customer service enquiries professionally  Able to complete complex administrative tasks with minimal supervision How to Apply Please send your application letter and CV to [email protected] by Friday 30th March 2018. Canvassing will lead to immediate disqualification. Copyright  2018 Zimele Asset Management Company. All Rights Reserved. Call Us: 0734-207662,0722-207662,020-2246273, 0733-111106/8/9 WhatsApp Us on: 0733-111106",2018-03-20
Graphic Designers Needed,https://opportunitiesforyoungkenyans.co.ke/2018/03/18/graphic-designers-needed-2/,,2018-03-18
Bidco Group Looking For Talented Young Footballers,https://opportunitiesforyoungkenyans.co.ke/2018/03/18/bidco-group-looking-talented-young-footballers/,"Are you a young footballer with skillful talents. Check the opportunity below @BidcoGroup proud of the team to be No 1 in the #NSL in #Kenya .I'm looking for very good young talented footballers who can also be given a job and play for our #football club pic.twitter.com/0l9rfmsZlR  Chris Diaz EBS (@DiazChrisAfrica) March 17, 2018",2018-03-18
BT Are Hiring:Technician,https://opportunitiesforyoungkenyans.co.ke/2018/03/18/bt-are-hiringtechnician/,"Borderless Tracking Limited is seeking to recruit a technician to join its dedicated team in Mombasa or Malaba The Technician will be responsible for: Installation of tracking devices Device checks and diagnosis User system training and support Operations support Oversee tagging/untagging within Mombasa or Malaba Train new tag operators as they come on board Ensure seals and clamps are in good condition before deployment Technical sales support REPORTING LINE Technical Manager: Borderless Tracking/Safetrac Limited OTHER CLOSE AFFILIATES General Manager: Borderless Tracking Operations: Borderless Tracking Technical Support: Borderless Tracking Administration: Borderless Tracking Stores: Safetrac Limited/Borderless Tracking Sales: Borderless Tracking SPECIFIC RESPONSIBILITIES Device Installations Capture correct vehicle details Correctly fill installation form and requisite online sheets Submit dully filled installation forms and Job cards Coordinate with sales personnel for clients contacts/physical address Direct clients to the right staffs and departments in case of queries to see their needs satisfied Device diagnosis, repair. Capture client telematics needs for system programming Conduct pre-installation surveys when need be Highlight and escalate challenges to resolution of pending issues Act as technical  sales liaison REQUIRED SKILLS Knowledge of vehicles electrical system Experience in device and sensors installations in all makes of motor vehicles Demonstrated ability to communicate effectively at all levels of the organization, including executive Proven ability to manage multiple projects at a time while paying strict attention to detail Team player Good verbal and written communications skills Vehicle driving skills. OTHER INFORMATION Salary: TBA- Targets: Will be issued from time to time. APPLY",2018-03-18
Community Safety Facilitator 2 Positions At DRC,https://opportunitiesforyoungkenyans.co.ke/2018/03/18/community-safety-facilitator-2-positions-drc/,"Community Safety Facilitator  (2 positions) ABOUT US Danish Demining Group (DDG) is part of the Danish Refugee Council (DRC). DDG is an operational unit specialised in the prevention and reduction of armed violence. DDG has Armed Violence Reduction programmes in many other countries in the region including Somaliland, Somalia, Yemen, South Sudan and Uganda. DDGs programme in Kenya started in July 2012 and focuses on community safety, cross-border conflict management, promotion of conflict sensitivity and improving community-security provider collaboration. ABOUT THE JOB The Community Safety facilitator (CSF) play a key role in implementing DDGs Border Security Management Programme. They work directly with local communities and local authorities to strengthen their capacity to improve safety at the community level. This includes, but is not limited to, facilitating community engagement and participation in the programme; mapping key local actors; engaging local authorities and supporting capacity building training; training local communities; supporting dialogue between communities and local authorities and security providers.. YOUR MAIN  DUTIES AND RESPONSIBILITIES: Community Safety Facilitator (CSF ) Act as primary link and channel for communication between communities, local authorities and DDG Supporting the mapping and identification of project locations and key stakeholders in accordance with DRC / DDG selection criteria and process Facilitate the engagement and participation of communities and local authorities in the programme Ensure good cooperation with partners and other organizations working in the project areas Provide inputs and participate in the baseline study and other research activities Facilitate awareness, dialogue and other activities aimed at reducing armed violence and improving border management, including activities to strengthen local conflict management capacity and to promote better collaboration between local communities and formal security providers Support the regular monitoring project activities Take good care of all assigned equipment including vehicles, motorcycles, computers and communication equipment Ensure that all project resources are well managed and DDG financial procedures are adhered to Fully adhere to DDGs procedures for security, financial management, logistics, human resources and administration Uphold DDG/DRCs Code of Conduct ABOUT YOU Bachelors degree/Diploma in relevant field (development, Peace Studies, Social science or related field). Strong understanding of dynamics that lead to armed violence (preferably in arid and semi-arid environments) Substantial knowledge of the Kenyan political and social structures, preferably from community to the national level Open-minded and committed to finding non-violent ways to mitigate conflict and promote inter-communal peace and collaboration Experience with community peace and/or development work Strong ability to communicate with different groups of people, including community leaders and members, security providers, and local authorities Experience of working in insecure environments Ability to use IT equipment effectively including computers and mobile phones Cultural and gender sensitivity DRC CORE COMPETENCIES In this position, you are expected to demonstrate DRC five core competencies: Striving for excellence: You focus on reaching results while ensuring an efficient process. Collaborating: You involve relevant parties and encourage feedback. Taking the lead: You take ownership and initiative while aiming for innovation. Communicating : You listen and speak effectively and honestly. Demonstrating integrity : You act in line with our vision and values. WHAT WE OFFER Contract length : 8 Months Duty Station : wajir Start date : Immediately Salary and conditions will be in accordance with Danish Refugee Councils Terms of Employment for National Staff APPLICATION PROCESS Qualified candidates are invited to submit their applications which should include a 1-page cover letter clearly stating their motivation and qualifications and a CV. Applications should include contact details of three professional referees who have supervised the candidate in the last five years. One referee must be the applicants most recent manager. Only applications that address the stipulated duties and meet the required qualifications will be considered. We only accept applications sent via our online-application form on www.drc.ngo under Vacancies. Applications should be sent no later than: 28th March, 2018 If you have questions or are facing problems with the online application process, please contact [email protected] Danish Refugee Council does not charge any kind of fee at any stage of the recruitment process nor does it use recruitment agents. If you have questions or are facing problems with the online application process, please visit drc.ngo/jobsupport . Tip a friend Print APPLY FOR POSITION Application due: 3/28/2018 Workplace: Wajir Department/Country: Kenya Contract type: National contract Homepage: drc.ngo danishdemininggroup.dk ABOUT DDG/DRC Danish Demining Group (DDG) is widely recognised as provider of efficient and community-oriented solutions to human security problems caused by landmines and other explosive remnants of war as well as small arms and light weapons. DDG is part of The Danish Refugee Council, which assists refugees and internally displaced persons across the globe: we provide emergency aid, fight for their rights, and strengthen their opportunity for a brighter future. We work in conflict-affected areas, along the displacement routes, and in the countries where refugees settle. In cooperation with local communities, we strive for responsible and sustainable solutions. We work toward successful integration and  whenever possible  for the fulfillment of the wish to return home. The Danish Refugee Council was founded in Denmark in 1956, and has since grown to become an international humanitarian organization with more than 7,000 staff and 8,000 volunteers. Our vision is a dignified life for all displaced. All of our efforts are based on our value compass: humanity, respect, independence and neutrality, participation, and honesty and transparency. APPLY",2018-03-18
Securex Hiring Security Officers,https://opportunitiesforyoungkenyans.co.ke/2018/03/18/securex-hiring-security-officers/,,2018-03-18
Communication Interns Needed,https://opportunitiesforyoungkenyans.co.ke/2018/03/16/communication-interns-needed/,"Are you a Journalism or Comms graduate, great at social media and passionate about conservation and the environment? We are looking for 2 Communications assistants/interns; French and English-speaking. Apply: http:// bit.ly/2GuO3gz",2018-03-16
Clerks And Drivers Needed,https://opportunitiesforyoungkenyans.co.ke/2018/03/16/clerks-needed/,,2018-03-16
TSC Hiring More Than 900 Teachers,https://opportunitiesforyoungkenyans.co.ke/2018/03/15/tsc-hiring-600-teachers/,,2018-03-15
PEST Board Hiring 11 Vacancies,https://opportunitiesforyoungkenyans.co.ke/2018/03/15/pest-board-hiring-11-vacancies/,,2018-03-15
Actors And Actresses Needed,https://opportunitiesforyoungkenyans.co.ke/2018/03/15/actors-actresses-needed/,,2018-03-15
Apply These 24 Bursaries And Scholarships Available For Kenyan Students,https://opportunitiesforyoungkenyans.co.ke/2018/03/15/apply-24-bursaries-scholarships-available-kenyan-students/,"Academy Africa Research Fellowship at Chatham House in UK, 2018-2019 Cote dIvoire,Kenya,Nigeria,Senegal,South Africa Postgraduate Apply By: 29th, Apr 2018 Fully Funded Mo Ibrahim Foundation MSc Scholarships in Governance and State-building in UK, 2018 Egypt,Ethiopia,Ghana,Kenya,Malawi,Nigeria,South Africa,South Sudan,Tanzania,Uganda,Zambia Postgraduate Apply By: 20th, May 2018 UONGOZI Institute Leadership Essay Competition for Young Africans in 2018 Ethiopia,Ghana,Kenya,Malawi,Mozambique,South Africa,South Sudan,Tanzania,Uganda,Zambia Undergraduate Apply By: 18th, May 2018 Kenyatta University OVS Scholarship Fund Kenya Undergraduate Apply By: 31st, Dec 2018 The Catholic University of Eastern Africa Scholarship Kenya Undergraduate Apply By: 31st, Dec 2018 AFYA ELIMU FUND Kenya Undergraduate Apply By: 31st, Dec 2018 Elimu Fund Scholarships for High School Students in Kenya Kenya High School Apply By: 31st, Dec 2018 WANGARI MAATHAI WOMEN SCHOLARSHIP FUND Kenya Undergraduate Apply By: 31st, Jan 2019 ROYAL THAI GOVERNMENT SCHOLARSHIPS  2018 Kenya Postgraduate Apply By: 16th, Mar 2018 INDONESIAN GOVERNMENT SCHOLARSHIP FOR MASTERS DEGREE PROGRAMMES  2018 Kenya Postgraduate Apply By: 30th, Apr 2018 24 opportunities found in Kenya THE GOVERNMENT OF THE PEOPLES REPUBLIC OF CHINA SCHOLARSHIPS FOR YEAR 2018/19 Kenya Undergraduate,Postgraduate Apply By: 1st, Apr 2018 2019 Cranfield Sub-Saharan Africa High Achievers Scholarship in Computational Engineering Sciences, UK Angola,Benin,Cameroon,Ghana,Kenya,Mauritius,Namibia,South Africa,Togo Postgraduate Apply By: 26th, May 2018 ACCES COLLEGE/UNIVERSITY SCHOLARSHIP Kenya Undergraduate Apply By: 31st, Mar 2018 Helb Undergraduate bursaries Kenya Undergraduate Apply By: 31st, Dec 2018 MCF RUFORUM Scholarships 2018 Kenya Undergraduate,Postgraduate Apply By: 30th, Mar 2018 OFID Full Masters Scholarships By Samuel Angola,Ethiopia,Kenya,Lesotho,Liberia,South Africa,Tanzania,Uganda Postgraduate Apply By: 1st, May 2018 Focweb Technologies Ltd Bursary for Undergraduates Kenya Undergraduate Apply By: 15th, Apr 2018 USIU undergraduate scholarship programs. Kenya Undergraduate Apply By: 31st, Dec 2018 Aga Khan Foundation International Student Scholarship Programme Kenya,Madagascar,Mozambique,Tanzania,Uganda Postgraduate Apply By: 31st, Mar 2018 Advancing Education Through Daystar University Scholarships Kenya Undergraduate,Postgraduate Apply By: 31st, Dec 2018 The Joint Japan/World Bank Graduate Scholarship Program Kenya,South Africa,Tanzania,Uganda Postgraduate Apply By: 12th, Apr 2018 PhD and Masters Scholarship for Health Professional Training in African Universities, 2018 Burundi,Democratic Republic of the Congo,Kenya,Lesotho,Mozambique,South Africa,South Sudan Postgraduate Apply By: 31st, Mar 2018 Master and PhD Scholarships for African Students at Pan African Universities, 2018 Cote dIvoire,Ethiopia,Ghana,Kenya,South Africa,South Sudan,Tanzania,Uganda,Zambia Postgraduate Apply By: 20th, Apr 2018 Mandela Centennial Fully Funded Scholarships at African Leadership University in Rwanda, 2018 Ghana,Kenya,Nigeria,South Africa,Zambia,Mozambique,Namibia,Tanzania Undergraduate Apply By: 15th, May 2018 APPLY HERE",2018-03-15
Sales Intern Opportunity.,https://opportunitiesforyoungkenyans.co.ke/2018/03/15/sales-intern-opportunity/,"Email CV to sales(at)nairobichallengeseekers(dot)com ob Alert!! Position  Sales Administrator Application Deadline  20 March, 2018 View Job Description >> http:// bit.ly/Sales_Admin",2018-03-15
Drivers Needed,https://opportunitiesforyoungkenyans.co.ke/2018/03/15/drivers-needed-4/,Urgently looking for a personal driver to be based in kilimani area. Good driving experience in nairobi is a must.send CV now to [email protected],2018-03-15
Researchers Needed,https://opportunitiesforyoungkenyans.co.ke/2018/03/15/researchers-needed/,"Research and Evaluation Intern  Girls Who Code Country United States Education Bachelors Language Requirement English Start Date June 04, 2018 Application Details Application deadline: March 23, 2018. Shortlisted candidates will be contacted to complete a short technical exercise in early April. We aim to make an offer by the end of April. This is a paid internship. In addition, the intern will be invited to staff events and activities that take place during the summer. Ideal start date: June 4, 2018 This position is based at the Girls Who Code headquarters in New York, NY Girls Who Code is seeking a Research and Evaluation Intern to support our Research Teams data collection, analysis, and reporting efforts in summer 2018. Over a period of 12 weeks the intern will assist the Research Team in collecting and analyzing survey data from our two summer programs and developing data visualizations and reports for our summer and school-year programs. The intern will play a key role in supporting Girls Who Code in the timely and efficient dissemination of results to external partners and audiences, as well as ensuring these results are available to staff across the organization. Responsibilities Support the Data Analyst in the day-to-day tasks associated with overseeing several concurrent online survey administrations, including monitoring data collection, analyzing data to identify inconsistencies and cleanliness issues, cleaning and restructuring data, and conducting targeted follow-up communications to non-responding programs according to a predetermined cadance. Support the Research Team in the design and development of dashboards based on stakeholder requirements to display results and track programmatic metrics of success. Support the Research and Partner Engagement Teams in the design and development of partner reports intended to disseminate programmatic highlights to our corporate and community partners. Qualifications Experience with an online survey tool (e.g., SurveyGizmo, Survey Monkey) Demonstrated strong Microsoft Excel skills and knowledge of data visualization tools (e.g., Power BI, Tableau, Domo) and relational database tools (e.g, Salesforce) Comfortable navigating different data sources and converting raw data into meaningful and actionable insights Excellent communication skills Effective time management skills, including the ability to manage multiple projects at once Flexibility and ability to work in a diverse and dynamic environment with changing requirements Authentic passion for Girls Who Codes mission to close the gender gap in technology fields through a commitment to diversity, equity, and inclusion Knowledge of and/or interest in computer science, technology, and/or education preferred Personal qualities of integrity, credibility, maturity, positivity, and confidence Pursuing a bachelors or masters degree, preferably in one of the following fields (or a related field): Business/Management, Math, Finance, Economics, or Psychology How to Apply This position is sponsored by the J-PAL North America , a research center at the Massachusetts Institute of Technology working to reduce poverty by ensuring that policy is informed by scientific evidence, but is based at the Girls Who Code headquarters in New York City. This position is not eligible for visa sponsorship. Please apply by filling out this form . In addition, please email a single PDF file (please name the PDF last name_GWC Summer 2018) to [email protected] with the subject line: Girls Who Code Summer 2018 Intern Application  your last name. The PDF should include: A 1-page cover letter detailing past work experience and your interest in working at Girls Who Code. Please speak directly to your ability to handle the responsibilities outlined above and your skills and abilities with regards to data and evaluation. A 1-page resume highlighting relevant work experience and any relevant coursework. Application Details Application deadline: March 23, 2018. Shortlisted candidates will be contacted to complete a short technical exercise in early April. We aim to make an offer by the end of April. This is a paid internship. In addition, the intern will be invited to staff events and activities that take place during the summer. Ideal start date: June 4, 2018 This position is based at the Girls Who Code headquarters in New York, NY Girls Who Code is committed to building a truly diverse and inclusive organization with a focus on valuing, serving, and understanding our target constituents, while challenging all stakeholders to think inclusively for the betterment of our programs. Girls Who Code is an equal opportunity employer committed to a policy of equal treatment and opportunity in every aspect of its hiring and promotion process without regard to race, color, creed, religion, sexual orientation, partnership status, gender and/or gender identity or expression, marital, parental or familial status, national origin, ethnicity, veteran or military status, age, disability, or any other legally protected basis. Racial and ethnic minorities and men are encouraged to apply for vacant positions at all levels. GWC is not able to sponsor employment visas.",2018-03-15
Technicians Needed,https://opportunitiesforyoungkenyans.co.ke/2018/03/15/electrical-technician-needed/,"*Technician Position Available* Skill Set Basic Electrical installations Ethernet Cable termination and Testing Basic Computer usage skills If interested, please send your CV to [email protected]",2018-03-15
Attention Aspiring Journalists: Thisisfinland Foreign Correspondents Programme Is Looking For Participants!,https://opportunitiesforyoungkenyans.co.ke/2018/03/15/attention-aspiring-journalists-thisisfinland-foreign-correspondents-programme-looking-participants/,"Have you always wanted to visit Finland? Have you ever wondered what the Finnish society and Finnish way of life look like? How does spending three weeks in the country, and finding out yourself, sound to you? Photo: Krista Keltanen / Visit Finland ThisisFINLAND Foreign Correspondents programme will be organized again in August of 2018. The programme is a once in a lifetime opportunity for young journalists and social media influencers. During the three weeks you will get to know Finland from its world-renown education system to inspiring business solutions and from vibrant urban life to pristine nature, and everything in between! Photo: Jussi Hellsten / Visit Finland Whos eligible? This years Foreign Correspondents Programme is definitely for you, if you are: An aspiring journalist (graduate or student due to graduate soon) with some work experience in a media house (TV, print or web) or an influencer in social media, for example an accomplished blogger or vlogger; A citizen or permanent resident of the following countries: Brazil, China, Colombia, Egypt, India, Japan, Kenya, Lebanon, Mexico, Nigeria, Peru, Republic of Korea, Singapore, South Africa, Thailand and United States; Born between 1989 and 1998; Able to work and communicate fluently in English; Interested in learning new things, meeting people from different cultures and spending three weeks in a foreign country; Excited to become a lifelong friend of Finland! Photo: Elina Manninen / Keksit What does the programme include? The Foreign Correspondents Programme starts on 6 August and ends on 24 August, 2018. The programme is intensive, and includes briefings on various subjects, meetings with Finnish professionals and visits to business enterprises, cultural sites and institutions. It also includes a weekend stay as the guest of a Finnish family. The programme provides an excellent opportunity to learn more about Finland, Finnish society and the Finnish way of life. It also offers the means to enhance your professional skills, as well as expand your network of professional colleagues and international friends. What costs are covered? The scholarship covers the costs of travel to and from Finland, local travel in Helsinki, accommodation and the daily programme, including transportation and some meals. The programme does not cover medical insurance, per diem allowance or meals not listed as part of the programme. Photo: Flatlight Films / Visit Finland Applications? The closing date for applications is 30 March 2018 at 11.59 pm local time . All application documents should be written in English and include: 1. Attached application form 2. Curriculum vitae including photo 3. A work sample, or an essay (600-800 words) or link to a short video (2-3 minutes) emphasising your interest in Finland. The documents should be sent by email to: [email protected] The closing date for applications is 30 March, 2018, at 11.59 pm local time. Incomplete or late applications will not be considered. Photo: Harri Tarvainen / Visit Finland More information? Facebook: thisisFINLAND Foreign Correspondents Programme Website: Ministry for Foreign Affairs of Finland: thisisFINLAND Foreign Correspondents Programme Website: thisisFINLAND.fi You may also contact: Embassy of Finland in Nairobi [email protected]",2018-03-15
"Accountants Needed, Salary  200K",https://opportunitiesforyoungkenyans.co.ke/2018/03/15/accountants-needed-salary-200k/,"Accountant Needed ASAP!!! *CPA (K), ACCA *5 years exp *Hands on with internal controls, iTax, Statutory/internal audits, payroll *Manufacturing experience *Pay 200K+ If this is you, drop an email [email protected]",2018-03-15
Standard Group Hiring,https://opportunitiesforyoungkenyans.co.ke/2018/03/15/standard-group-hiring-3/,,2018-03-15
German Embassy Hiring,https://opportunitiesforyoungkenyans.co.ke/2018/03/15/german-embassy-hiring/,,2018-03-15
Event Facilitators Needed At PEC Kenya,https://opportunitiesforyoungkenyans.co.ke/2018/03/12/event-facilitators-needed-pec-kenya/,,2018-03-12
Standard Group Hiring,https://opportunitiesforyoungkenyans.co.ke/2018/03/12/standard-group-hiring-2/,,2018-03-12
USIU Hiring In More Than 10 Vacancies,https://opportunitiesforyoungkenyans.co.ke/2018/03/12/usiu-hiring-20-vacancies/,,2018-03-12
KRA Hiring,https://opportunitiesforyoungkenyans.co.ke/2018/03/12/kra-hiring/,KRA Vacancy AD  07.03.2018 Career opportunities 7.3.2018 JD  Chief Manager  AEO JD  Chief Manager  ADR JD  Manager  ADR JD  Assistant Manager  ADR JD  Supervisor  ADR JD  Supervisor  Litigation Use the KRA Personal History form below to apply KRA Personal History Form (Revised July 2017)  (DOC),2018-03-12
French Speaking Graduate Needed- Salary 50K,https://opportunitiesforyoungkenyans.co.ke/2018/03/12/french-speaking-graduate-needed-salary-50k/,,2018-03-12
Photographer Needed,https://opportunitiesforyoungkenyans.co.ke/2018/03/12/photographer-needed-2/,,2018-03-12
Arts Manager Needed,https://opportunitiesforyoungkenyans.co.ke/2018/03/12/arts-manager-needed/,,2018-03-12
Radio Persons Needed,https://opportunitiesforyoungkenyans.co.ke/2018/03/12/radio-persons-needed/,,2018-03-12
Assistant Professor Needed,https://opportunitiesforyoungkenyans.co.ke/2018/03/12/assistant-professor-needed/,"University of Helsinki needs a professor of African Studies. Historical and cultural themes emphasised. Pass the word, or ask for more details. Can be either junior or senior scholar (various ranks possible). https://www. helsinki.fi/en/open-positi ons/assistant-professor-associate-professor-professor-of-african-studies ...",2018-03-12
Mentors Needed,https://opportunitiesforyoungkenyans.co.ke/2018/03/12/mentors-needed/,@ YusudiAfrica Ltd. is # hiring part-time # mentors in the career or entrepreneurship field to support learners in our 3-month blended learning project (April-June 2018) https:// podio.com/webforms/20447 273/1398587 ...,2018-03-12
Securex Hiring,https://opportunitiesforyoungkenyans.co.ke/2018/03/12/securex-hiring/,"Were looking for six Executive Sales personnel driven by targets and a proven track record. If you fit the bill, send us your C.V via [email protected] by 16th March, 2018",2018-03-12
KPLC Hiring Interns,https://opportunitiesforyoungkenyans.co.ke/2018/03/12/kplc-hiring-interns/,"Careers Industrial Attachment Opportunities (May  July 2018 Intake) Kenya Power is offering continuing undergraduate/Diploma/ Certificate Level students an exciting attachment opportunity to gain exposure to a professional work setting. This opportunity will enable you apply knowledge and skills related to your area of study, explore career interests, learn new skills, develop professional networks and understand work place expectations. If you are a continuing student looking to gain this experience, book your slot now by applying for our Attachment program. This programme is in line with Governments Youth Initiative to develop a pool of young talent for the Kenyan Labour Market. The attachment opportunities are available in various departments for a maximum period of three months with effect from May 2018. Requirements Kenya Power Attachment program requirements are as follows: 1. You should be available full time for the duration of the program i.e. 3 months. 2. You should be a Continuing Undergraduate/Diploma/Certificate student from a recognized institution. 3. You should be a Kenyan Citizen. 4. You should have an introduction letter from college. HOW TO APPLY Interested persons should submit their applications online by visiting the Kenya Power website:  http://www.kplc.co.ke under the Public information tab and Career Opportunities section. Applications should be received not later than 31st March 2018. Only shortlisted candidates will be contacted. Canvassing will lead to automatic disqualification. a) Are you registered with us in our careers portal? Click here to register. b) For those who have successfully registered, you can login to apply for the latest opportunities (See candidate application guide ). Kenya Power is an Equal Opportunity Employer. Internship Opportunities (May  July 2018 Intake) Kenya Power is offering recent graduates and Diploma holders an exciting opportunity to gain hands on work experience and develop key employability skills that will help them stand out in the current labour market. If you have graduated recently with a Degree or Diploma, looking to build your career and make a name for yourself in the corporate world, book your slot now by applying for our internship program. This programme is in line with Governments Youth Initiative to develop a pool of young talent for the Kenyan Labour Market. The internship opportunities are available in various departments for a maximum period of three months with effect from May 2018. Requirements Kenya Power Internship program requirements are as follows: 1. You should be available full time for the duration of the program i.e. 3 months. 2. You should have recently graduated with a Degree or Diploma from a recognized institution 3. You should be a Kenyan Citizen. HOW TO APPLY Interested persons should submit their applications online by visiting the Kenya Power website:  http://www.kplc.co.ke under the Public information tab and Career Opportunities section. Applications should be received not later than 31st March 2018. Only shortlisted candidates will be contacted. Canvassing will lead to automatic disqualification. a) Are you registered with us in our careers portal? Click here to register. b) For those who have successfully registered, you can login to apply for the latest opportunities (See candidate application guide ). Kenya Power is an Equal Opportunity Employer.",2018-03-12
Kenya Railways Hiring Ticket Attendants And Booking Clerks,https://opportunitiesforyoungkenyans.co.ke/2018/03/12/kenya-railways-hiring-ticket-attendants-booking-clerks/,"Kenya Railways Corporation (KRC) is hiring ticket attendants and booking clerks who will work and be based at Nairobi commuter service. Qualifications Relevant certificates, A copy of the national identity card, A certificate of good conduct Duties The job entails Selling train tickets to the passengers, Motor vehicle parking tickets, Collecting revenue Reconciling remittances against tickets sold. Handling customer concerns in the train Application An attractive remuneration package commensurate with qualifications and responsibilities of the position will be negotiated with the right candidate Interested and qualified candidates MUST complete the Kenya Railways application form KRC/HR/08 , attach their testimonials and certificates and address their applications to the: Managing Director Kenya Railways Corporation P.O. Box 30121, 00100, Note : Only the short listed candidates will be contacted. Canvassing will lead to automatic disqualification. Kenya Railways is an equal opportunity Employer.",2018-03-12
NIC Bank Hiring,https://opportunitiesforyoungkenyans.co.ke/2018/03/08/nic-bank-hiring-4/,,2018-03-08
Metropolitan Hospital Hiring Interns,https://opportunitiesforyoungkenyans.co.ke/2018/03/08/metropolitan-hospital-hiring-paid-interns/,,2018-03-08
British Council Hiring Kenya,https://opportunitiesforyoungkenyans.co.ke/2018/03/08/british-council-hiring-kenya-2/,Head of Talent & Development Location/Country: Flexible Region: Sub  Saharan Africa Existing rights to live & work in Sub Saharan Africa/ Country Closing date and time: 14th March 2018 (23:59 UK Time) http:// bit.ly/2Hdlqnh,2018-03-08
PwC Hiring Interns,https://opportunitiesforyoungkenyans.co.ke/2018/03/08/pwc-hiring-interns/,Our Graduate Recruitment process has kicked off. Visit http:// pwc.com/ke to apply for a chance to join our firm. All eligibility requirements have been outlined in the post below. All the best to all the applicants!,2018-03-08
Program Officer Needed,https://opportunitiesforyoungkenyans.co.ke/2018/03/08/program-officer-needed/,,2018-03-08
Youth Lite Hiring,https://opportunitiesforyoungkenyans.co.ke/2018/03/08/youth-lite-hiring/,"Are you passionate about writing or blogging? Have you been looking for a platform to showcase your writing skills? Well,Youth Lite Kenya is looking for individuals to write pieces that will go up on our website http:// bit.ly/2mY9fTO",2018-03-08
Android Developers Needed,https://opportunitiesforyoungkenyans.co.ke/2018/03/08/android-developers-needed-2/,"Do you have experience as an Android Engineer? Do you get excited about building high-performing, scalable, consumer applications. Then we are looking for you! Click here to apply for a position as an Android engineer at Sendy! http:// bit.ly/2I9CxHX",2018-03-08
Interns Needed At IBP Kenya,https://opportunitiesforyoungkenyans.co.ke/2018/03/08/interns-needed-ibp-kenya/,,2018-03-08
650 Paid Internship Vacancies Open In Uasin Gishu County,https://opportunitiesforyoungkenyans.co.ke/2018/03/08/650-paid-internship-vacancies-open-uasin-gishu-county/,"COUNTY GOVERNMENT OF UASIN GISHU ONLINE INTERNSHIP APPLICATION Home INTERNSHIP PROGRAM The County Government of Uasin Gishu, led by H.E. Hon. Jackson Mandago has rolled out an Internship Programme that is geared towards giving unemployed graduates in Uasin Gishu County an opportunity for hands-on training for skills acquisition to enhance future employability. Eligibility The persons eligible must: Be aged at least 18 years but not more than 35 years. Unemployed graduate from accredited training institutions; Have not been exposed to work experience related to their area of study. Graduated not earlier than 2015. Click Here to apply: Apply Internship",2018-03-08
Kenya Railways And Kenya Power Are Hiring,https://opportunitiesforyoungkenyans.co.ke/2018/03/06/kenya-railways-kenya-power-hiring/,14 Job Vacancies Open At Kenya Railways https://goo.gl/BHytnS Kenya Power Is Hiring Intern Students https://goo.gl/HZpeVd,2018-03-06
14 Job Vacancies Open At Kenya Railways,https://opportunitiesforyoungkenyans.co.ke/2018/03/06/10-jobs-open-kenya-railways/,"Kenya Railways (KR) is a state corporation created under The Kenya Railway Act (Cap 397) of the Laws of Kenya with the core mandate of providing an efficient and effective railway transport. Terms of offer An attractive remuneration package commensurate with qualifications and responsibilities of the position will be negotiated with the right candidate. Interested and qualified candidates MUST complete the Kenya Railways application form KRC/HR/08 , attach their testimonials and certificates and address their applications to the: Managing Director Kenya Railways Corporation P.O. Box 30121, 00100, Note : Only the short listed candidates will be contacted. Canvassing will lead to automatic disqualification. Kenya Railways is an equal opportunity Employer. The Corporation invites applications from suitably qualified persons to fill the following positions: # Position Name Closing Dates Status Details & Application Form 11 ASSISTANT MANAGER BOARD SERVICES 23rd March, 2018 Active Position Details & Application >> 12 ASSISTANT ARCHITECTURE MANAGER 23rd March, 2018 Active Position Details & Application >> 13 ASSISTANT PROPERTY ADMINISTRATION MANAGER 23rd March, 2018 Active Position Details & Application >> 14 ASSISTANT BUSINESS DEVELOPMENT MANAGER 23rd March, 2018 Active 15 ASSISTANT RAIL SAFETY MANAGER 23rd March, 2018 Active",2018-03-06
Kenya Power Is Hiring Intern Students,https://opportunitiesforyoungkenyans.co.ke/2018/03/05/kenya-power-hiring-intern-students/,"Careers Industrial Attachment Opportunities (May  July 2018 Intake) NB: a) Are you registered with us in our careers portal? Click here to register. b) If registered, click here to log in and apply for the latest opportunities. (See candidate application guide ) c) NB: For those who had registered earlier, you can now login to confirm your registration details. Kenya Power is offering continuing undergraduate/Diploma/ Certificate Level students an exciting attachment opportunity to gain exposure to a professional work setting. This opportunity will enable you apply knowledge and skills related to your area of study, explore career interests, learn new skills, develop professional networks and understand work place expectations. If you are a continuing student looking to gain this experience, book your slot now by applying for our Attachment program. This programme is in line with Governments Youth Initiative to develop a pool of young talent for the Kenyan Labour Market. The attachment opportunities are available in various departments for a maximum period of three months with effect from May 2018. Requirements Kenya Power Attachment program requirements are as follows: 1. You should be available full time for the duration of the program i.e. 3 months. 2. You should be a Continuing Undergraduate/Diploma/Certificate student from a recognized institution. 3. You should be a Kenyan Citizen. 4. You should have an introduction letter from college. HOW TO APPLY Interested persons should submit their applications online by visiting the Kenya Power website:  http://www.kplc.co.ke under the Public information tab and Career Opportunities section. Applications should be received not later than 31st March 2018. Only shortlisted candidates will be contacted. Canvassing will lead to automatic disqualification. Kenya Power is an Equal Opportunity Employer. Internship Opportunities (May  July 2018 Intake) NB: a) Are you registered with us in our careers portal? Click here to register. b) If registered, click here to log in and apply for the latest opportunities. (See candidate application guide ) c) NB: For those who had registered earlier, you can now login to confirm your registration details. Kenya Power is offering recent graduates and Diploma holders an exciting opportunity to gain hands on work experience and develop key employability skills that will help them stand out in the current labour market. If you have graduated recently with a Degree or Diploma, looking to build your career and make a name for yourself in the corporate world, book your slot now by applying for our internship program. This programme is in line with Governments Youth Initiative to develop a pool of young talent for the Kenyan Labour Market. The internship opportunities are available in various departments for a maximum period of three months with effect from May 2018. Requirements Kenya Power Internship program requirements are as follows: 1. You should be available full time for the duration of the program i.e. 3 months. 2. You should have recently graduated with a Degree or Diploma from a recognized institution 3. You should be a Kenyan Citizen. HOW TO APPLY Interested persons should submit their applications online by visiting the Kenya Power website:  http://www.kplc.co.ke under the Public information tab and Career Opportunities section. Applications should be received not later than 31st March 2018. Only shortlisted candidates will be contacted. Canvassing will lead to automatic disqualification. Kenya Power is an Equal Opportunity Employer.",2018-03-05
"Top Jobs This Week By Modern Coast, Indomie And EABL",https://opportunitiesforyoungkenyans.co.ke/2018/03/03/top-jobs-week-modern-coast-indomie-eabl/,"Top Jobs This Week By Modern Coast, Indomie And EABL EABL Hiring Young Personnel https://goo.gl/EM9thn Paid Internship Vacancies Open At Indomie Kenya https://goo.gl/oAXJfC Modern Coast Is Hiring Clerks Apply here https://goo.gl/JR6Unm STILL HIRING IN 2018... Java House in Nairobi.. Mombasa..Kisumu,. Kampala ( Uganda ) and Dodoma ( Tanzania ) all looking for waiters.. Kitchen servants.. Dish washers, Drivers, Legal interns, Cooks Stewards, Baristas, Receptionists, Cooks and many restaurants positions. You dont need qualifications.. They will train you. Go to their website https://goo.gl/vKm7XK More Than 20 Vacancies Open At Afro-Night Club 1.Waiter, Cook 2.Receptionist 3.Storekeeper 4.Security guards 5.Bartender 6.Hostess 7.Stewards 8.Cleaners 9.cashiers 10.DJ etc https://goo.gl/EsQnVT NYS Hiring Youths For Para-Military Training https://goo.gl/cS3jU7 The National Police Service Commission Hiring Massively https://goo.gl/uvuLSS",2018-03-03
KO Associates Hiring In 3 Posts,https://opportunitiesforyoungkenyans.co.ke/2018/03/03/ko-associates-hiring-3-posts/,"Category Advocates Business Support Law Graduates Job Type Full Time Internship Part Time Associate  Projects (Energy, Infrastructure, Trade and Investments) Full Time Nairobi Posted 1 day ago Associate  Dispute Resolution Full Time Nairobi Posted 1 day ago Associate  Corporate and Finance Full Time Nairobi Posted 1 day ago",2018-03-03
Bike Mechanics Needed,https://opportunitiesforyoungkenyans.co.ke/2018/03/03/bike-mechanics-needed/,,2018-03-03
The Economist Is Hiring Paid Interns,https://opportunitiesforyoungkenyans.co.ke/2018/03/03/economist-hiring-paid-interns/,,2018-03-03
More Than 20 Vacancies Open At Afro-Night Club,https://opportunitiesforyoungkenyans.co.ke/2018/03/03/20-vacancies-open-afro-night-club/,"Caution Avoid sending any kind of help such as money so that you can secure the job. Dont send any facilitation fee such as medical fee, training fee, registration fee, documents processing fee, commission fee or entrance fee. If they need your money, let them deduct from your first salary. Remember also not to hand in your valuables such as mobile phones, wallets, purse, personal bags etc. Keep them safe within yourself. We shall not be liable to any loss you incur. Please keep in mind that conmen and conwomen work tirelessly day and night to come up with new tactics to steal from innocent job seekers",2018-03-03
Paid Internship Vacancies Open At Indomie Kenya,https://opportunitiesforyoungkenyans.co.ke/2018/03/03/indomie-kenya-hiring/,,2018-03-03
Software Developer Needed,https://opportunitiesforyoungkenyans.co.ke/2018/03/03/software-develope/,"Do you have experience in AGILE software dev. & design and implementation of highly distributed applications? Can you teach others and work within tight deadlines? If so, Microsoft App Factory, is looking for you! Find out more and apply here: http:// bit.ly/2GXQo2O",2018-03-03
EABL Hiring Young Personnel,https://opportunitiesforyoungkenyans.co.ke/2018/03/03/eabl-hiring-young-personnel/,Are you in your 3rd or 4th year and looking for an internship? Heres your chance to be part of our team! Find out how you can apply below.,2018-03-03
Mobile Journalists Wanted,https://opportunitiesforyoungkenyans.co.ke/2018/03/03/mobile-journalists-wanted/,,2018-03-03
NYS Hiring Youths For Para-Military Training,https://opportunitiesforyoungkenyans.co.ke/2018/03/03/nys-hiring-youths-para-military-training/,"The Kenya National Youth Service will be carrying out recruitment across the country in the near future in hopes of drafting more than 26,000 youth by the end of the exercise. Download All Dates This new number, set as a target by the office of the president, is a way of giving more youth the opportunity to fulfill their purpose by giving them a platform through which they can realize their potential. Before the service recruiting team goes out, the dates of recruitment are made public; indicating the time the team will visit each district in Kenya to select from among the young people who wish to offer themselves for recruitment. The recruitment will be done twice a year, with an intake of about 13,000 young men and women each time. The training will take four months and the recruits who will have successfully finished their training will graduate every six months.Vacancies in each intake is allocated to every province, so that the Service receives recruits from every part of Kenya and is truly national in its composition. This years recruitment will be done in a bid to give the youth, especially those out of jobs, a sense of purpose in their life and to give them a sense of loyalty to their country. After the training that instills discipline, commitment, and a feeling of duty in the recruits, the servicemen and women of the Kenya National Youth Service will offer their services for the good and development of our nation. The recruitment is aimed at giving fresh high school graduates and young people in general, another option when it comes to employment and higher education. Through the National Youth Service, various technical skills such as masonry, dressmaking, and plumbing among others are taught, thus giving the youth a chance to be self-sufficient once the training is completed. Also, due to the rise of insecurity in Kenya and the recruitment will be used to reduce the instances of the youth being drafted into vigilante and terrorist groups. Since the majority of the targets of radicalization are the young people, joining the Kenya National Youth Service will be great weapon in eliminating the occurrence of controversial groups within our country. ATTACHMENTS RECRUITMENT-1-resized2.jpg NYS-RECRUITMENT DATES.pdf",2018-03-03
Century Bank Hiring,https://opportunitiesforyoungkenyans.co.ke/2018/03/01/century-bank-hiring/,Do you have a Diploma (or higher) in a business related course? Are you good with people and quick learner? If you fit the bill (or know someone who does) we would love for you to join our team! Find out more here: http:// bit.ly/2EXUEmg,2018-03-01
Sales Persons Needed,https://opportunitiesforyoungkenyans.co.ke/2018/03/01/sales-persons-needed-4/,,2018-03-01
Superbikes Hiring Drivers And Riders,https://opportunitiesforyoungkenyans.co.ke/2018/03/01/superbikes-hiring-drivers-riders/,,2018-03-01
NETFUND Hiring,https://opportunitiesforyoungkenyans.co.ke/2018/03/01/netfund-hiring/,Are you a competent candidate for the job! Please follow the link below to apply http://www. netfund.go.ke/images/Website _Advert.pdf ...,2018-03-01
Art Director Wanted,https://opportunitiesforyoungkenyans.co.ke/2018/03/01/art-director-wanted/,"WERE HIRING! Were looking for a young, vibrant, and dynamic person to join our ever evolving creative department. We need a visionary  one who sees the big picture of Sizwe! Are you the one?",2018-03-01
Jobonics Looking For App And Web Developers,https://opportunitiesforyoungkenyans.co.ke/2018/03/01/jobonics-looking-app-web-developers/,Jobonics is hiring! We are looking for fullstack developers to join our growing startup team,2018-03-01
"Phenom Are Hiring, Salary Ksh.39,000",https://opportunitiesforyoungkenyans.co.ke/2018/03/01/phenom-hiring-salary/,"Were hiring: Need a photographer for a LONG TERM engagement. Rates start from Ksh1,300 per day with a frequency of at least 2 days/week. Camera will be provided. Lunch and snacks will also be provided. Send application to [email protected]",2018-03-01
Sales And Marketing Persons Needed,https://opportunitiesforyoungkenyans.co.ke/2018/03/01/sales-marketing-persons-needed-3/,"marketing staff needed,from Mombasa, Meru and Nakuru to start working from 5th March 2018.  Diploma / Certificate in sales and marketing or any related course.  2years of experience  send their CV to [email protected]",2018-03-01
"Kindergarten Teacher & Cook, Cleaner Needed",https://opportunitiesforyoungkenyans.co.ke/2018/03/01/kindergarten-teacher-cook-cleaner-needed/,,2018-03-01
Laundry Manager Needed,https://opportunitiesforyoungkenyans.co.ke/2018/03/01/laundry-manager-needed/,,2018-03-01
ICJF Hiring Journalists,https://opportunitiesforyoungkenyans.co.ke/2018/03/01/icjf-hiring-journalists/,"Do you have a BA in media, journalism or international development, and an interest in global innovation? Check out our @ ICFJKnight program officer position. The officer will help support a global network of digital entrepreneurs: https:// buff.ly/2F7qEDM",2018-03-01
Modern Coast Is Hiring Clerks,https://opportunitiesforyoungkenyans.co.ke/2018/03/01/modern-coast-hiring-clerks/,"VACANCY OPERATIONS CLERK (Nairobi) GENERAL AREA OF RESPONSIBILITY Prepares and scrutinises all the paperwork in the Customs and Our Operations files making sure that files and full and complete before the approval /passing of entries. And that the documents are adequate to perform customs clearance smoothly. Releases Delivery Orders from the various shipping lines and any other carriers. Makes sure to promptly process all documents through customs and the other stake holders involved in the clearance of cargo from the Airport, Port, etc. Co-ordination of Airfreight, Sea freight, Road, Transit and local loading for Nairobi, Mombasa, upcountry, border stations and beyond. Responsible for all document processing in Nairobi including file opening, customs entries, CFS entry lodging and processing, Gate pass preparation, etc. Ensuring compliance with all governments, other stakeholders and Customs regulations. Maintaining proper records in operations and customs files. SPECIFIC AREAS OF RESPONSIBILITY Opening of all job files for Airfreight, Sea freight Imports and Export jobs as well as Road Service activities undertaken by the company. Making follow ups for arrival of shipments and informing the Operations/ Declaration Officer of the same. Coordination of documentation with both customs and other relevant parties who include and are not limited to CFS/KPA/ Port Health/ KEBS/ Banks / Shipping lines, GBHL etc. Responsible for collection of shipping line Invoices and processing of the Delivery Order. Ensuring all shipments are released with customs within 24 hours of lodging the files with customs and as per the standard level agreements (SLA) Monitor clearance of local, transit and transshipment cargo to make sure cleared within the free period. Follow up till delivery and make sure Invoice done by submitting all the disbursements and costing immediately shipments depart Mombasa for final delivery. Making sure to update the Operations / Declaration Officer on a daily basis and as demanded from time to time. Handling all contact with Customs and other stakeholders and informing Management on any difficult situations for intervention. Ensuring that all statutory laws governing cargo clearance as stipulated in the government acts are strictly adhered to. KEY PERFORMANCE AREAS Ensure SOPs in place for all products undertaken and adhered to. Ensuring all cargo cleared within the shortest period and storage free where documents provided in advance. Ensure no offence from customs due to wrong handling of shipments and staff mistakes. Making sure that costs are kept to the lowest possible level so that Profit levels are maximized. KEY SKILLS Full and Comprehensive Understanding of the clearance process for Import and Export cargo for local and transit service in airfreight, sea freight and road freight. Basic understanding of the Customs ACT as well as EACCMA regulations. Proper understanding of the Management of Bonds. Strong attention to detail especially during lodgement of files as well as during verification of shipments. Strong Interpersonal and Communication Skills. Ability to indulge third party stakeholders to the highest Authority in Customs, KEBS, Port/ CFSs/ Shipping lines, etc. RELEVANT EXPERIENCE/ COMPETENCIES 4-5 years experience in the clearance of cargo at the Airport, ICD, Port/ CFS/ Oil Terminal / GBHL, etc. Diploma in Clearing & Forwarding is preferred Previous handling and cancellation of bonds East Africa Customs Freight Forwarding Practicing (EACFFPC) Certificate from KESRA Submit your Applications plus CV to [email protected] Deadline for applications is 9th March, 2018. Please note that we will never contact you via text message or ask for any information or money prior to the interview. You will have a formal email sent to attend an interview if successful.",2018-03-01
