title,link,content,date
Free Nairobi County Sponsored Vocational Training And Certification For 1200 Individuals,https://opportunitiesforyoungkenyans.co.ke/2018/06/26/free-nairobi-county-sponsored-vocational-training-certification-1200-individuals/,"Free vocational training and certification for 1200 individuals.Deadline 11th July,2018",2018-06-26
BATA Hiring,https://opportunitiesforyoungkenyans.co.ke/2018/06/13/bata-hiring/,,2018-06-13
Modern Coast Hiring,https://opportunitiesforyoungkenyans.co.ke/2018/06/13/modern-coast-hiring/,"VACANCY Software Developer  2 Posts(Nairobi) Functional Skills: 1) Developing new software systems. 2) Deployment of new software systems. 3) Technical Understanding of at least 3 of these programming languages: php, mysql, javascript, java, css, python and android. 4) Server troubleshooting and manage 5) Proficiency in scrum and/or agile development. Generic Skills: 1) ERP skills 2) Microsoft office 3) Data mining and analysis 4) Project management orientation Critical Non Negotiables : 1) At least 2 years experience in active software development. 2) Should have proficiency in scrum /agile development. 3) Should have knowledge in any 3 of the following languages: php, mysql, javascript, java, css, python,android. Responsibilities Evaluate and monitor software systems to track progress as per timelines. Do perpetual system review as per set timelines Implementing IT policies and procedures by identifying problems and coming up with solutions. Complete projects by collaborating with other team members. Verify application results by conducting system testing of new technologies implemented. Ensure uptime of IT services of 99% for both internal and outsourced services. Keep updated with any new trends relevant to the field of software development. Preserve software systems by ensuring all the code is safely backed up. Maintain contracted/outsourced software systems. Upkeep and maintenance of software systems. Develop new software systems based on user requirements from organization end users. Design new software systems for both internal use by the staff and public use by our customers. Test and evaluate software systems for any bugs and ensure all systems work well. Maintenance of new systems and other system upgrades required To apply for the above post kindly send your resume and cover letter with subject SOFTWARE DEVELOPER to [email protected] by 15th June 2018 IT Support- 2 Posts(Nairobi) Functional Skills: 1) Troubleshoot, repair and maintain hardware systems. 2) A good understanding of security infrastructure and systems would be an advantage. 3) Knowledge in Operating systems including windows, Linux (Ubuntu, cent OS, Fedora). 4) Knowledge in cisco networks, router configurations and LAN. 5) Knowledge in system diagnostic tools. Generic Skills: 1) Proficiency in ERP skills 2) Proficiency in Microsoft office 3) Data mining and analysis Critical Non Negotiables : 1) At least 1 year experience in the same or similar position in a mid-sized organization. 2) Bachelors Degree/Diploma in Computer Science or related course. 3) Demonstrate ability to troubleshoot and diagnose IT systems and hardware. Responsibilities Ensures incoming help requests from end users via both telephone and work orders are recorded and handled in a courteous manner. Prioritize and schedule problems, escalate problems (when required) to the appropriately experienced technician. Record, track, and document the end user request problem-solving process, including all successful and unsuccessful decisions made, and actions taken, through to the final resolution. Apply diagnostic utilities to aid in troubleshooting. Access software updates, drivers, knowledge bases and frequently asked questions resources on the Internet to aid in problem resolution. Perform hands-on fixes at the desktop level, including installing and upgrading software, implementing file backups, and configuring systems and applications. Test fixes to ensure problem has been adequately resolved. Perform post-resolution follow-ups to help requests. Develop help sheets and knowledge base articles for end users. Perform related duties consistent with the scope and intent of the position. To apply for the above post kindly send your resume and cover letter with the subject IT SUPPORTto [email protected] by 15th June 2018 Loading Clerk  Post(Nairobi) Requirements: 1) Experience in transport industry 2) Experience as a Loader 3) Motor bike Rider . Key Responsibilities To keep track of allocated truck. To ensure documentation is done prior to arrival of the allocated trucks. To monitor loading and offloading at different areas to avoid delays. Assist drivers at the ICD (dry port ) during loading or offloading specially on the issue of port passes, kwatos and any other requirements. To send up dates of loading and offloading done in NRB to the main transport division (daily). Issuing of delivery notes when needed. And any other duty as allocated by line manager To apply for the above post kindly send your resume and cover letter with subject LOADING CLERK to [email protected] by 12th June 2018 Please note that we will never contact you via text message or ask for any information or money prior to the interview. You will have a formal email sent to attend an interview if successful. APPLY HERE",2018-06-13
Youth Opportunities Open At KYEOP Across Countrywide,https://opportunitiesforyoungkenyans.co.ke/2018/06/08/youth-opportunities-open-kyeop-across-countrywide/,"f you are a youth between the age of 18-29 years and from Kiambu, Kisumu, Kitui, Kwale,Migori, Mombasa, Nakuru and Turkana check out this opportunity",2018-06-08
Real Estate Agents Needed,https://opportunitiesforyoungkenyans.co.ke/2018/06/08/real-estate-agents-needed/,,2018-06-08
"Producer, Camera, Editing And Cinema Person Needed",https://opportunitiesforyoungkenyans.co.ke/2018/06/08/producer-camera-editing-cinema-person-needed/,We are posting this for our friend Zeleman because we think he is great. Are you a CINEMATOGRAPHER/ CAMERAMAN? Are you an EDITOR? Are you willing to move to Ethiopia for 1-2 years? Apply for this. Share with your networks.,2018-06-08
Accountants Needed,https://opportunitiesforyoungkenyans.co.ke/2018/06/08/accountants-needed-4/,,2018-06-08
"Easy Mail Hiring In Kenya, Countrywide",https://opportunitiesforyoungkenyans.co.ke/2018/06/08/easy-mail-hiring-kenya-countrywide/,,2018-06-08
Head Chef Needed,https://opportunitiesforyoungkenyans.co.ke/2018/06/08/head-chef-needed/,,2018-06-08
5 Jobs Open At Amnesty,https://opportunitiesforyoungkenyans.co.ke/2018/06/08/5-jobs-open-amnesty/,Amnesty International Kenya are hiring. 5 roles on offer here: https://www. amnestykenya.org/who-we-are/job s.html ...,2018-06-08
NIC Bank Hiring,https://opportunitiesforyoungkenyans.co.ke/2018/06/08/nic-bank-hiring-7/,Have a knack for fostering valuable relations with clients? We have just the vacancy for you here https:// bit.ly/2qtWcsO,2018-06-08
Accounts Assistant Needed,https://opportunitiesforyoungkenyans.co.ke/2018/06/08/accounts-assistant-needed-2/,Apply to [email protected] with the subject being the position they are applying for,2018-06-08
Equity Afya Are Hiring,https://opportunitiesforyoungkenyans.co.ke/2018/06/08/hiring-2/,,2018-06-08
Davis Hiring,https://opportunitiesforyoungkenyans.co.ke/2018/06/08/davis-hiring-3/,Psst!!! Are you looking to make a great start to your career as an Engineer working with an excellent team in a World class company? Were hiring a Sales Engineer Intern. Apply now at https:// goo.gl/LhFPz3 # IkoKaziKE,2018-06-08
Research Assistants Needed,https://opportunitiesforyoungkenyans.co.ke/2018/06/08/research-assistants-needed/,"We are looking for ad-hoc # Research Assistants with varying skills to # join a newly created ad-hoc # ResearchAssistant pool. Ideal for current # students or someone looking for an additional flexible # job arrangement, with a strong research component > https:// goo.gl/xUfKqM",2018-06-08
Securex Hiring In Naivasha,https://opportunitiesforyoungkenyans.co.ke/2018/06/08/securex-hiring-naivasha/,,2018-06-08
100 Jobs To Apply This Month,https://opportunitiesforyoungkenyans.co.ke/2018/06/06/100-jobs-apply-month/,,2018-06-06
Reality TV Looking For Female President,https://opportunitiesforyoungkenyans.co.ke/2018/06/06/reality-tv-looking-female-president/,,2018-06-06
K24 Looking For Interns,https://opportunitiesforyoungkenyans.co.ke/2018/06/06/k24-looking-interns/,K24 TV Sports is looking for interns. Deadline Fri June 8th Requirements: 1.Application letter 2. CV 3.Recommendation letter from your institution 4.Studying Broadcast Journalism Drop them at DSM PLACE Kijabe St Nairobi at the security desk or e-mail [email protected],2018-06-06
More Than 16 Jobs Open At Kenya Diary Board,https://opportunitiesforyoungkenyans.co.ke/2018/06/06/16-jobs-open-kenya-diary-board/,,2018-06-06
Bare Excellence Hiring,https://opportunitiesforyoungkenyans.co.ke/2018/06/06/bare-excellence-hiring-2/,,2018-06-06
Two Vacancies Open At APA,https://opportunitiesforyoungkenyans.co.ke/2018/06/06/two-vacancies-open-apa/,"At Apollo Group, our most valuable assets are our employees. We pride ourselves in creating experience, delivering results and adding value to all stakeholders. We advocate for equal employment opportunities to all persons regardless of age, color, nationality, race, religion, gender and marital status. As part of the Apollo Group, our subsidiaries- APA Insurance, APA Life and Apollo Asset Management, shall have all Jobs advertised and applications done through this career page. Kindly disregard any communication that: Requires you to pay a fee to be shortlisted or interviewed. Is from other websites purporting to announce APA job vacancies without redirecting you to the APA website Is not from our official email domains Keep visiting our website for job opportunities. IT INFRASTRUCTURE MANAGER DEPARTMENT: ICT REPORTS TO: Group Chief Information Officer SUPERVISION: ICT Support Assistants LOCATION: Head Office JOB PURPOSE: The role is to plan, direct, and coordinate the design, installation, and connectivity of computer... Apply BUSINESS INTELLIGENCE OFFICER DEPARTMENT: ICT REPORTS TO: Group Chief Information Officer LOCATION: Head Office JOB PURPOSE The main purpose of this role is to support data analytics strategies across the Group by developing... Apply",2018-06-06
Hotel Sixty Four Hiring,https://opportunitiesforyoungkenyans.co.ke/2018/06/06/hotel-sixty-four-hiring/,,2018-06-06
Clerks Needed At ABs Customer,https://opportunitiesforyoungkenyans.co.ke/2018/06/06/clerks-needed-abs-customer/,,2018-06-06
Shiro Njagi Hiring,https://opportunitiesforyoungkenyans.co.ke/2018/06/06/shiro-njagi-hiring/,,2018-06-06
Shujaaz Hiring,https://opportunitiesforyoungkenyans.co.ke/2018/06/06/shujaaz-hiring-4/,,2018-06-06
Videographer Needed,https://opportunitiesforyoungkenyans.co.ke/2018/06/06/videographer-needed/,,2018-06-06
Barman Needed,https://opportunitiesforyoungkenyans.co.ke/2018/06/02/barman-needed/,"Job Opportunity -Barman. Zebra Plains Mara Camp is looking for a well experienced Barman with the following qualifications: * At least 5 years of experience of bartending in a high end safari camp/Lodge/hotel * Diploma in Food and Beverage preferably from Kenya Utalii College or any other recognized institution. Responsibilities will be as follows: *Plan and Present Bar Menu. *Prepare purchases and re-stocking of the bar. *Interact with camps guests at the main area and our two bars stations. *Serve all alcoholic and non alcoholic drinks in a friendly and professional manner. *Mix drinks, cocktails and other non alcoholic beverages as per our set standards. *Ensure bar area is neat at all times of service and after service. *Attend to other duties as assigned by management. If you qualify or know of someone who fits in kindly send your CV/Resume to: alfredo.turismo@liv@ live.com",2018-06-02
AU Youth Hiring,https://opportunitiesforyoungkenyans.co.ke/2018/06/02/au-youth-hiring/,,2018-06-02
Opportunity Open At Safaricom,https://opportunitiesforyoungkenyans.co.ke/2018/06/02/opportunity-open-safaricom/,,2018-06-02
Marketing Manager Job Opportune,https://opportunitiesforyoungkenyans.co.ke/2018/06/02/marketing-manager-job-opportune/,,2018-06-02
Chandaria Hiring,https://opportunitiesforyoungkenyans.co.ke/2018/06/02/chandaria-hiring/,,2018-06-02
Sales Persons Needed,https://opportunitiesforyoungkenyans.co.ke/2018/06/02/sales-persons-needed-9/,,2018-06-02
Paid Intern Needed Open At CTA,https://opportunitiesforyoungkenyans.co.ke/2018/06/02/paid-intern-needed-open-cta/,Only one more week left to apply for a paid # internship in graphic design with @ CTAflash . Learn more and apply by 8 June 2018!: http:// bit.ly/GD-intern,2018-06-02
Data Entry Clerks Needed,https://opportunitiesforyoungkenyans.co.ke/2018/06/02/data-entry-clerks-needed-3/,,2018-06-02
Brand Manager Needed,https://opportunitiesforyoungkenyans.co.ke/2018/06/02/brand-manager-needed/,,2018-06-02
Social Media Intern Needed,https://opportunitiesforyoungkenyans.co.ke/2018/06/02/social-media-intern-needed-3/,,2018-06-02
Data Entry Clerks Needed At Ministry Of Public Service Youth And Gender Affairs,https://opportunitiesforyoungkenyans.co.ke/2018/06/02/data-entry-clerks-needed-ministry-public-service-youth-gender-affairs/,Data Entry Clerks are temporarily needed at Ministry Of Public Service Youth And Gender Affairs Requirements Kenyan citizen Must be a youth Have certificate in computer studies Valid Kenyan ID Apply below,2018-06-02
