title,link,content,date
KRA Hiring,https://opportunitiesforyoungkenyans.co.ke/2018/07/26/kra-hiring-3/,,2018-07-26
Web Masters Needed,https://opportunitiesforyoungkenyans.co.ke/2018/07/26/web-masters-needed/,"Are you a software developer? A magician that can turn coffee into awesome software. Do you prefer Sublime, VS Code, Atom or Notepad++? Well, regardless of which one you use, we have an opening that might interest you. Check out https://www. davisandshirtliff.com/vacancies",2018-07-26
Over 130 Jobs Open At Busia County,https://opportunitiesforyoungkenyans.co.ke/2018/07/26/130-jobs-open-busia-county/,,2018-07-26
Radio Presenter Needed,https://opportunitiesforyoungkenyans.co.ke/2018/07/26/radio-presenter-needed-2/,,2018-07-26
Apollo Hiring,https://opportunitiesforyoungkenyans.co.ke/2018/07/26/apollo-hiring/,,2018-07-26
Developers Needed,https://opportunitiesforyoungkenyans.co.ke/2018/07/26/developers-needed/,,2018-07-26
Project Manager And Officer Wanted,https://opportunitiesforyoungkenyans.co.ke/2018/07/26/project-manager-officer-wanted/,,2018-07-26
Vacancies Up For Grab At NITA,https://opportunitiesforyoungkenyans.co.ke/2018/07/26/vacancies-grab-nita/,,2018-07-26
KeNHA Hiring Interns,https://opportunitiesforyoungkenyans.co.ke/2018/07/26/kenha-hiring-interns/,,2018-07-26
Vacancies Open At I&M Bank,https://opportunitiesforyoungkenyans.co.ke/2018/07/26/vacancies-open-im-bank/,APPLY HERE,2018-07-26
Skytop Hiring,https://opportunitiesforyoungkenyans.co.ke/2018/07/26/skytop-hiring/,We are looking for the following people to join our team with the business development department. Visit our website at http://www. skytoptechnologies.com and go to the career page then apply,2018-07-26
Vacancies Open At APA,https://opportunitiesforyoungkenyans.co.ke/2018/07/26/vacancies-open-apa/,Our team is looking for someone to fill the position of Assistant Manager- Internal Audit. Do you believe you have what it takes? Apply here http://www. apainsurance.org/careers/ before 31st July 2018,2018-07-26
Sinapis Group Are Hiring,https://opportunitiesforyoungkenyans.co.ke/2018/07/26/sinapis-group-hiring/,"Sinapis is currently hiring in Kenya! We are recruiting a Discipleship and Alumni Coordinator. To apply, please visit: http:// sinapis.org/job/disciplesh ip-alumni-coordinator/ ...",2018-07-26
Vacancies Open At Safaricom,https://opportunitiesforyoungkenyans.co.ke/2018/07/26/vacancies-open-safaricom/,,2018-07-26
Pebble Tours Hiring,https://opportunitiesforyoungkenyans.co.ke/2018/07/26/pebble-tours-hiring/,"We are looking for a travel consultant who is passionate about travel and has at least a years experience in the industry. They must have studied tour and travel management, and they should have experience with high-end clientele.Send your resume to [email protected] today to join the team!",2018-07-26
Account Persons Needed,https://opportunitiesforyoungkenyans.co.ke/2018/07/26/account-persons-needed/,We are recruiting 1. Assistant Accountant  Receivables 2. Accounts Assistant  Sales Requirements 2  4 years experience preferably CEMENT INDUSTRY Bachelors degree in Accounting or related field CPA Must be proficient in SAP CV to celestawino@gmail. com,2018-07-26
Sales People Needed,https://opportunitiesforyoungkenyans.co.ke/2018/07/26/sales-people-needed-6/,,2018-07-26
Meru County Hiring,https://opportunitiesforyoungkenyans.co.ke/2018/07/26/meru-county-hiring/,,2018-07-26
DPO Hiring,https://opportunitiesforyoungkenyans.co.ke/2018/07/26/dpo-hiring/,"Work for DPO We believe in providing African businesses the freedom to process payments from anywhere and at any time. Our ideal team members are innovative, showing a great sense of responsibility and leadership! If this is you fill in your details and proceed to the next step. Careers Open Positions Campaign Sales Administrator- Kenya Campaign Sales Representative- Kenya Sales Campaign Leader- Kenya Partner Sales Campaign Manager- Kenya Administration & Travel Officer- Kenya Risk Manager- Kenya Manager, Card Operations- Kenya Country Sales Manager  Malawi Customer Care Senior Officer  Dublin Customer Care Officer  Dublin Senior Sales Representative  Botswana (Maun Region) Senior Sales Representative  Ethiopia Senior Sales Representative  Bulawayo Apply here",2018-07-26
Receptionists Wanted,https://opportunitiesforyoungkenyans.co.ke/2018/07/26/receptionists-wanted-2/,,2018-07-26
Apply For More Than 1000 Jobs Advertised At End Of July,https://opportunitiesforyoungkenyans.co.ke/2018/07/26/apply-1000-jobs-advertised-end-july/,"In the month of July 2018, seems many firms have picked up their pieces and are doing good in business. This has led to sudden increase in demand of new employees across the nation. In January 2018, many faced lay offs, it is now time to take advantage and apply for the new job opportunities We have compiled a list of latest jobs and internship opportunities posted in the month of July 2018 Safaricom APA I&M Bank NITA Sales Project Manager Librarian Apollo SKYTOP Radio Persons KENHA IUSASA Mercury KAA HELB POSTA PWC KRA Busia County -135 Jobs",2018-07-26
200 Universities Just Launched 560 Free Online Courses. Heres The Full List.,https://opportunitiesforyoungkenyans.co.ke/2018/07/24/200-universities-just-launched-560-free-online-courses-heres-full-list-2/,42095,2018-07-24
Safaricom Are Hiring,https://opportunitiesforyoungkenyans.co.ke/2018/07/23/safaricom-are-hiring-2/,,2018-07-23
Psychiatrist Needed,https://opportunitiesforyoungkenyans.co.ke/2018/07/23/psychiatrist-needed/,,2018-07-23
Auntie Boss Hiring,https://opportunitiesforyoungkenyans.co.ke/2018/07/23/auntie-boss-hiring/,,2018-07-23
Store Keeper Needed,https://opportunitiesforyoungkenyans.co.ke/2018/07/23/store-keeper-needed/,,2018-07-23
Entries For Career Fair Open For Application,https://opportunitiesforyoungkenyans.co.ke/2018/07/23/entries-career-fair-open-application/,,2018-07-23
Online Marketers Needed,https://opportunitiesforyoungkenyans.co.ke/2018/07/23/online-marketers-needed/,,2018-07-23
More Than 500 Jobs Advertised On Daily Nation,https://opportunitiesforyoungkenyans.co.ke/2018/07/20/500-jobs-advertised-daily-nation/,"http://krb-sjobs.brassring.com/TGnewUI/Search/home/HomeWithPreLoad?PageType=JobDetails&partnerid=30080&siteid=6558&jobid=1259495 Home About us Our recruitment process Our vocations Sign in 19-Jul-2018 Graduate Trainee Program 2018 Finance, Inspection/Maintenance, Sales NAIROBI-WEST END TWRS(KEN) Kenya Job Description Young Graduate Program This is a Total Group initiative for Africa Division that seeks to develop the youth through training and capacity building. The program targets fresh university graduates from the local universities. For the past five years, Total Kenya has successfully developed young graduates through this initiative and are now poised for the 2018 intake. We offer a total of 18 months training opportunity (local experience for six (6) months and twelve (12) months international experience subject to individuals overall performance) in our subsidiaries, within Africa, to discover one of our three main business lines (commercial, finance, technical). At the end of this period, the trainees will be evaluated for permanent employment within the Company depending on opportunity. Candidate profile Criteria We are interested in candidates who have attained a minimum Upper 2 nd Class Honours Degree from recognized institutions within the last two (2) years in any of the following disciplines; Civil, Mechanical, Electrical or Mechatronic Engineering or related disciplines Marketing, Finance, Accounting, Business Administration or related business fields KCSE Mean Grade of at least B+ Candidates with additional qualifications will have an added advantage In addition, candidates should have the following qualities; Intellectually curious and a self-starter Excellent interpersonal and communication skills Team player and leadership qualities Highly adaptable to different environments Must also be computer literate Applicants should apply online attaching current CV and motivation letter on or before 3rd August, 2018. Please note that Total does not charge a fee at any stage of the recruitment process (application, interview meeting, processing, or any other fees). Only online applications made through this website will be considered. TOTAL KENYA IS AN EQUAL OPPORTUNITY EMPLOYER Offer ID 13567BR Metier Accounting, Maintenance, Sales Employment type Graduate Contract duration 18 Duration unit Months Experience level required 0  3 years Branch Marketing & Services About us / company profile Total Kenya PLC is part of the global Total Group, which is the fourth largest publicly traded integrated international oil and gas company in the world. In Kenya, we are the leading oil company with a marketing and distribution network covering the entire country. We are inviting qualifying young graduates to apply for the 2018 Young Graduate Trainee Program. Job Expires 03-Aug-2018 APPLY HERE APPLY HERE Scroll to top English (United States) Cookies and privacy Legal information and notice FAQ IBM Online Privacy Statement MORE JOBS",2018-07-20
Total Kenya Looking For Young Graduates,https://opportunitiesforyoungkenyans.co.ke/2018/07/20/total-kenya-looking-young-graduates/,"http://krb-sjobs.brassring.com/TGnewUI/Search/home/HomeWithPreLoad?PageType=JobDetails&partnerid=30080&siteid=6558&jobid=1259495 Home About us Our recruitment process Our vocations Sign in 19-Jul-2018 Graduate Trainee Program 2018 Finance, Inspection/Maintenance, Sales NAIROBI-WEST END TWRS(KEN) Kenya Job Description Young Graduate Program This is a Total Group initiative for Africa Division that seeks to develop the youth through training and capacity building. The program targets fresh university graduates from the local universities. For the past five years, Total Kenya has successfully developed young graduates through this initiative and are now poised for the 2018 intake. We offer a total of 18 months training opportunity (local experience for six (6) months and twelve (12) months international experience subject to individuals overall performance) in our subsidiaries, within Africa, to discover one of our three main business lines (commercial, finance, technical). At the end of this period, the trainees will be evaluated for permanent employment within the Company depending on opportunity. Candidate profile Criteria We are interested in candidates who have attained a minimum Upper 2 nd Class Honours Degree from recognized institutions within the last two (2) years in any of the following disciplines; Civil, Mechanical, Electrical or Mechatronic Engineering or related disciplines Marketing, Finance, Accounting, Business Administration or related business fields KCSE Mean Grade of at least B+ Candidates with additional qualifications will have an added advantage In addition, candidates should have the following qualities; Intellectually curious and a self-starter Excellent interpersonal and communication skills Team player and leadership qualities Highly adaptable to different environments Must also be computer literate Applicants should apply online attaching current CV and motivation letter on or before 3rd August, 2018. Please note that Total does not charge a fee at any stage of the recruitment process (application, interview meeting, processing, or any other fees). Only online applications made through this website will be considered. TOTAL KENYA IS AN EQUAL OPPORTUNITY EMPLOYER Offer ID 13567BR Metier Accounting, Maintenance, Sales Employment type Graduate Contract duration 18 Duration unit Months Experience level required 0  3 years Branch Marketing & Services About us / company profile Total Kenya PLC is part of the global Total Group, which is the fourth largest publicly traded integrated international oil and gas company in the world. In Kenya, we are the leading oil company with a marketing and distribution network covering the entire country. We are inviting qualifying young graduates to apply for the 2018 Young Graduate Trainee Program. Job Expires 03-Aug-2018 APPLY HERE APPLY HERE Scroll to top English (United States) Cookies and privacy Legal information and notice FAQ IBM Online Privacy Statement",2018-07-20
EACC Hiring In 24 Vacancies,https://opportunitiesforyoungkenyans.co.ke/2018/07/19/eacc-hiring-24-vacancies/,,2018-07-19
20 Hotel Vacancies Open For Application,https://opportunitiesforyoungkenyans.co.ke/2018/07/19/20-hotel-vacancies-open-application/,,2018-07-19
British Council Hiring,https://opportunitiesforyoungkenyans.co.ke/2018/07/19/british-council-hiring-4/,Role: Regional Commercial Finance Manager Location: Kenya/Nigeria/SA/Ethiopia/Manchester Duration: Indefinite Closing Date: 24/07/2018 https:// bit.ly/2JwGgin,2018-07-19
NACC Looking For Interns,https://opportunitiesforyoungkenyans.co.ke/2018/07/19/nacc-looking-interns/,Internship opportunities at @ NACC_Kenya Click to apply and share: http:// nacc.or.ke/vacancy/,2018-07-19
Cooperative Bank Hiring,https://opportunitiesforyoungkenyans.co.ke/2018/07/19/cooperative-bank-hiring-5/,Can you drive and deliver exceptional sales performance by introducing new revenue to the bank and improving market penetration? We need a Product Manager for Cash Management Sales. More details here: https:// bit.ly/2uLofY2,2018-07-19
Architect Wanted,https://opportunitiesforyoungkenyans.co.ke/2018/07/19/architect-wanted/,,2018-07-19
More Than 500 Jobs To Apply In July 2018,https://opportunitiesforyoungkenyans.co.ke/2018/07/19/500-jobs-apply-july-2018/,,2018-07-19
REALE Hospital Hiring In 10 Vacancies,https://opportunitiesforyoungkenyans.co.ke/2018/07/19/reale-hospital-hiring-10-vacancies/,Job Opportunities Available at Reale Hospital. 1. Medical Laboratory Technologist 2. NBU and ICU Nurses 3. RMO (Closing on Friday) To apply please visit our website. DISCLAIMER! Reale Hospital does not take money for any application nor employment,2018-07-19
Standard Group Hiring,https://opportunitiesforyoungkenyans.co.ke/2018/07/19/standard-group-hiring-4/,"The Standard Group is looking for a Video Producer, see below for details on how to apply.",2018-07-19
CARE International Hiring,https://opportunitiesforyoungkenyans.co.ke/2018/07/19/care-international-hiring/,"Job Opportunity with CARE in Kenya- they are looking for a Knowledge Management, Research and Learning Coordinator. Apply here ... https://careintern ationalinkenya1771152562.has-jobs.com/knowledge-mana gement-research-and-learning-coordinator-ref-kmrlc-07-2018-nairobi/218323/0 ...",2018-07-19
"Receptionsists, Waiters And Barristers Needed",https://opportunitiesforyoungkenyans.co.ke/2018/07/19/receptionsists-waiters-barristers-needed/,,2018-07-19
Entries for 2019 Pupillage Are Open For Application,https://opportunitiesforyoungkenyans.co.ke/2018/07/19/entries-2019-pupillage-open-application/,,2018-07-19
UNFPA Hiring,https://opportunitiesforyoungkenyans.co.ke/2018/07/19/unfpa-hiring/,"We are hiring! Procurement Associate, Temporary Appointment, G7  Re-advertisement. Location: @ UNFPA East and Southern Africa Regional Office, Johannesburg, South Africa. Closing date: 1 August Full details: https:// bit.ly/2L7qQXu",2018-07-19
Zohari Hiring,https://opportunitiesforyoungkenyans.co.ke/2018/07/19/zohari-hiring/,Are you the right person to be the next Zohari Leasings Business Development Manager or Business Development Officer? Find out more about the open positions and apply at: https:// ldd.tbe.taleo.net/ldd04/ats/care ers/v2/searchResults?org=CENTINVE&cws=37,2018-07-19
Join Nailab Sponsored Empowerment Program,https://opportunitiesforyoungkenyans.co.ke/2018/07/19/join-nailab-sponsored-empowerment-program/,Looking for young people between the age of 18-30 years with a hunger for business empowerment to join our free program. Follow the link to apply. http:// next-economy.com,2018-07-19
Africa Uncensored Hiring,https://opportunitiesforyoungkenyans.co.ke/2018/07/19/africa-uncensored-hiring/,,2018-07-19
Red Cross Hiring,https://opportunitiesforyoungkenyans.co.ke/2018/07/19/red-cross-hiring-4/,NEW JOB OPPORTUNITIES KenyaRedCross is recruiting: 1. Grants Assistant (3 posts) 2. Project Officer To apply please visit: http:// bit.ly/krcsjobs,2018-07-19
More Than 50 Job Vacancies Open For July Application,https://opportunitiesforyoungkenyans.co.ke/2018/07/18/33-vacancies-open-kenya-utalii-college/,,2018-07-18
Media Council of Kenya hiring in 13 vacancies,https://opportunitiesforyoungkenyans.co.ke/2018/07/18/media-council-kenya-hiring-13-vacancies/,,2018-07-18
"KURA Are Hiring, 10 Vacancies",https://opportunitiesforyoungkenyans.co.ke/2018/07/18/kura-hiring-10-vacancies/,,2018-07-18
AIC Kijabe Hospital Hiring,https://opportunitiesforyoungkenyans.co.ke/2018/07/18/aic-kijabe-hospital-hiring/,,2018-07-18
P & G Hiring,https://opportunitiesforyoungkenyans.co.ke/2018/07/18/p-g-hiring/,,2018-07-18
KEWI Massively Looking For Interns,https://opportunitiesforyoungkenyans.co.ke/2018/07/18/kewi-massively-looking-interns/,,2018-07-18
More Than 28 Positions Open At NCA,https://opportunitiesforyoungkenyans.co.ke/2018/07/18/28-positions-open-nca/,,2018-07-18
Apply For This More Than 500 Vacant Top Jobs In 2018 July,https://opportunitiesforyoungkenyans.co.ke/2018/07/15/apply-500-vacant-top-jobs-2018-july/,"1. STILL HIRING IN 2018... Java House in Nairobi.. Mombasa..Kisumu,. Kampala ( Uganda ) and Dodoma ( Tanzania ) all looking for waiters.. Kitchen servants.. Dish washers, Drivers, Legal interns, Cooks Stewards, Baristas, Receptionists, Cooks and many restaurants positions. You dont need qualifications.. They will train you. Go to their website https://goo.gl/vKm7XK 2.Omo Under Unilever Looking For Fresh Graduates To Work As Interns https://goo.gl/yeMxbk 3.Britam Looking For Fresh Graduates In Their Trainee Pogram https://goo.gl/vZA2cF 4. Homeboyz Are Hiring Clerks And Call Center Persons https://goo.gl/BQ45NE 5.Massive Recruitment In Muranga County- More Than 120 Jobs Open For Application https://goo.gl/oHVSdj 6.",2018-07-15
Graphic Designer Needed,https://opportunitiesforyoungkenyans.co.ke/2018/07/14/graphic-designer-needed-2/,,2018-07-14
Omo Under Unilever Looking For Fresh Graduates To Work As Interns,https://opportunitiesforyoungkenyans.co.ke/2018/07/14/omo-unilever-looking-fresh-graduates-work-interns/,,2018-07-14
APA Hiring,https://opportunitiesforyoungkenyans.co.ke/2018/07/14/apa-hiring-4/,Would you wish to join our team? Were currently looking for someone to fill the position of Assistant Business Developer- Nyali. Apply here https:// bit.ly/2u3Swlx before 15th July 2018,2018-07-14
Shujaaz Hiring,https://opportunitiesforyoungkenyans.co.ke/2018/07/14/shujaaz-hiring-5/,,2018-07-14
Britam Looking For Fresh Graduates In Their Trainee Pogram,https://opportunitiesforyoungkenyans.co.ke/2018/07/14/britam-looking-fresh-graduates-trainee-pogram/,No work experience? No problem! Follow this link to apply for the # BritamGraduateTrainee2018 program : https:// buff.ly/2m2u6Eu . Share and tag someone who you think might qualify,2018-07-14
NEMA Hiring,https://opportunitiesforyoungkenyans.co.ke/2018/07/14/nema-hiring/,,2018-07-14
House Help Of Kawangware Auditions Open For Application,https://opportunitiesforyoungkenyans.co.ke/2018/07/14/house-help-kawangware-auditions-open-application/,,2018-07-14
Presbyterian College Hiring,https://opportunitiesforyoungkenyans.co.ke/2018/07/14/presbyterian-college-hiring/,,2018-07-14
NACADA Hiring Interns,https://opportunitiesforyoungkenyans.co.ke/2018/07/14/nacada-hiring-interns/,,2018-07-14
KENGEN Are Hiring,https://opportunitiesforyoungkenyans.co.ke/2018/07/14/kengen-are-hiring/,,2018-07-14
Business Women Needed,https://opportunitiesforyoungkenyans.co.ke/2018/07/14/business-women-needed/,,2018-07-14
Red Cross Are Hiring,https://opportunitiesforyoungkenyans.co.ke/2018/07/14/red-cross-hiring-3/,"JOB OPPORTUNITIES We are recruiting: 1.GIS Expert 2. Regional Grants Officer (2 posts) 3. Data Team Leader 4. Data Analyst 5. Project Officer 6. Project Assistant To apply, please visit http:// bit.ly/krcsjobs",2018-07-14
Mombasa Coffee House Hiring,https://opportunitiesforyoungkenyans.co.ke/2018/07/14/mombasa-coffee-house-hiring/,,2018-07-14
AMREF Hiring,https://opportunitiesforyoungkenyans.co.ke/2018/07/14/amref-hiring-3/,"We are hiring! Are you looking to advance your career? Take charge of your career destiny today, and join our team. AMREF Flying Doctors is recruiting an IT Officer. Click on the links for more information https:// amref.org/job/informatio n-technology-officer-ref-afd-fa-13-07-2018/ ...",2018-07-14
KTN Looking For Cooks,https://opportunitiesforyoungkenyans.co.ke/2018/07/14/ktn-looking-cooks/,,2018-07-14
Actors Needed,https://opportunitiesforyoungkenyans.co.ke/2018/07/14/actors-needed/,,2018-07-14
Hotel Persons Needed,https://opportunitiesforyoungkenyans.co.ke/2018/07/14/hotel-persons-needed/,,2018-07-14
Homeboyz Are Hiring Clerks And Call Center Persons,https://opportunitiesforyoungkenyans.co.ke/2018/07/14/homeboyz-hiring-clerks-call-center-persons/,"JOB ALERT!! CALL CENTER OPERATORS AND CLERKS NEEDED! Clink the link below to see the requirements and APPLY NOW!! RT and share widely, they could be on your timeline! http:// yhub.co.ke/access/career",2018-07-14
Tricom Hiring,https://opportunitiesforyoungkenyans.co.ke/2018/07/14/tricom-hiring/,,2018-07-14
Gelian Hotel Hiring,https://opportunitiesforyoungkenyans.co.ke/2018/07/14/gelian-hotel-hiring/,"we are hiring: Internal Auditor, Club Manager, Front Desk Agent, Barista, CCTV Operator, Sous Chef, 2 Cooks, Kitchen Steward, Waiter/Waitress, Room Steward. Kindly send CV and Cover Letter to [email protected] http://www. gelianhotel.com/vacancies/",2018-07-14
Spez Hiring,https://opportunitiesforyoungkenyans.co.ke/2018/07/14/spez-hiring/,"WE ARE HIRING! We are looking for energetic, smart and innovative people to join our AWESOME team! Send your cv and cover letter to [email protected] BEFORE COB 01.08.2018",2018-07-14
Massive Recruitment In Muranga County- More Than 120 Jobs Open For Application,https://opportunitiesforyoungkenyans.co.ke/2018/07/14/massive-recruitment-muranga-county-120-jobs-open-application/,MASSIVE JOB RECRUITMENT AT MURANGA COUNTY GOVERNMENT JOBS DESCRIPTION THREAD 105 Positions Now Open For Qualified Kenyans! Tell a Friend To Tell a Friend!,2018-07-14
COOP Bank Hiring,https://opportunitiesforyoungkenyans.co.ke/2018/07/14/coop-bank-hiring/,"If you are good at problem solving, prioritizing and multi-tasking with a keen eye for detail and the dedication to support our companys IT infrastructure, apply for our Network Support Engineer opportunity: https:// bit.ly/2uggL00",2018-07-14
InVestia Hiring,https://opportunitiesforyoungkenyans.co.ke/2018/07/14/investia-hiring/,"Were hiring! If youre the perfect fit, send your CV and Cover Letter to [email protected] by 20/7/2018",2018-07-14
Strathmore University Hiring,https://opportunitiesforyoungkenyans.co.ke/2018/07/14/strathmore-university-hiring/,Latest job vacancies. Apply now. http://www. strathmore.edu/vacancies/  Sports Administrator  Project Coordinator  Assistant Sports Physiotherapist (Female)  Careers Development Services Manager,2018-07-14
Cooperative Bank Hiring,https://opportunitiesforyoungkenyans.co.ke/2018/07/14/cooperative-bank-hiring-4/,"CAREERS Co-operative Bank NETWORK SUPPORT ENGINEER Read More Network Support Engineer Are you looking for an employer who promotes individual excellence and mutual respect in a team-driven culture with a key focus on social empowerment? Read More INFORMATION SYSTEMS AUDITOR Read More Information Systems Auditor As a market leader, we are dedicated towards creating and achieving excellence and the only way we can do it is through our people. Read More DATA ARCHITECT ABOUT US Read More",2018-07-14
Busara Is Hiring,https://opportunitiesforyoungkenyans.co.ke/2018/07/14/busara-is-hiring/,"CURRENT OPENINGS Busara Research Specialist (2018 Recruitment Cycle) Nairobi, Nairobi County, Kenya Analyst, Tanzania Dar es Salaam, Tanzania, United Republic of Research Engagement Director (Labs) Nairobi, Nairobi County, Kenya Engagement Director Nairobi, Nairobi County, Kenya Busara Associate (2018 Recruitment Cycle) Nairobi, Nairobi County, Kenya Director of People Nairobi, Nairobi County, Kenya Senior Frontend Developer Nairobi, Nairobi County, Kenya Busara Center for Behavioral Economics website",2018-07-14
Sales People Wanted,https://opportunitiesforyoungkenyans.co.ke/2018/07/14/sales-people-wanted-3/,,2018-07-14
Council Of Governors Secretariat Looking For 15 Intern Students,https://opportunitiesforyoungkenyans.co.ke/2018/07/04/council-governors-secretariat-looking-15-intern-students/,More than 15 Internships are currently available in various committees within the Council of Governors secretariat. Follow this link for more details APPLY HERE,2018-07-04
More Than 1200 Jobs Open At Interior Ministry,https://opportunitiesforyoungkenyans.co.ke/2018/07/02/1200-jobs-open-interior-ministry/,"More than 1200 Jobs are open at Interior Ministry. The applications are ongoing. Please see details below and apply using the link below All the best Apply here Other Advertised jobs Vacant Posts in Independent Policing Oversight Authority (IPOA) Declaration of Vacancies in the Ministry of Public Service, Youth and Gender Affairs, State Department of Gender Affairs Internal Advert at the State Department for Livestock A list of applicants and shortlisted candidates for the position of chairperson of the Public Service Commission Vacant Posts in the Public Service 15th May, 2018 Internal Advertisement for Vacant Posts in the Ministry of Environment and Forestry Internal Advertisement for Vacancies in the Ministry of Health Internal advertisement for ICT Vacancies in the National Treasury State Department For Planning and Statistics Call for Applications for the Position of Chairperson of the Public Service Commission A List of Applicants and Shortlisted Candidates for the Position of Director of Public Prosecution Call for Applications for the Position of the Director of Public Prosecutions Internal advertisement for vacancies in the public service Commission Advertisement for the Vacant Posts in the Ministry of Lands and Physical Planning Re-Advertisement for the Vacant Posts of Chairperson and Members of Audit Committee  Ministry Of Lands and Physical Planning  Ministry of Lands and Physical Planning Vacancy in the Position of Member, Salaries and Remuneration Commission",2018-07-02
