title,link,content,date
Vacancies Open At Nation Media Group PLC,https://opportunitiesforyoungkenyans.co.ke/2021/12/21/vacancies-open-at-nation-media-group-plc/,,2021-12-21
Safaricom Graduate Internship Program Open For Application,https://opportunitiesforyoungkenyans.co.ke/2021/12/21/safaricom-graduate-internship-program-open-for-application/,"At Safaricom, were working hard to build a better future.  A more connected, inclusive, and sustainable world. As a dynamic global community, its our human spirit, together with technology, that empowers us to achieve this. We challenge and innovate in order to connect people, businesses, and communities across the world. Delighting our customers and earning their loyalty drive us, and we experiment, learn fast and get it done, together. With us, you can truly be yourself and belong, share inspiration, embrace new opportunities, thrive and make a real difference. What to expect: Your will interact and work with Industry leading technology and experts Be immersed in agile ways of working Get extensive business exposure through cross-functional rotations Have personalized development and placement in your area/s of specialization Get focused mentorship, training and support to stretch your potential Build expertise in your chosen area in either UI/UX, IoT or Machine Learning Be part of a robust community of Discover Graduates QUALIFICATIONS What were looking for: We are looking for innovative leaders, those who embrace new technologies and are continuously learning, individuals who are curious to the world of opportunity on offer.  Safaricom is a place where you can bring your whole self to work as you kick start your career. Successful candidates will have passion for technology, customers, and commercial savviness Demonstratable knowledge of at least one of these skillsets i.e., UI/UX, IoT and Machine Learning You should demonstrate creativity, adaptability and learning enthusiasm Recently graduated (within one year) with a minimum 2 nd upper degree You will boldly share your views, challenge status quo and a conscious risk taker. Excellent communication and writing skills Documents required: As part of the recruitment and on-boarding process the below documents will be required at a later stage A recommendation letter /Completion letter/ graduation certificate from your university NSSF, NHIF, KRA PIN & Bank account details Copy of National Identity Card. Good conduct & CRB certificate (not older than 12 months) Note: Please note you will be taken through a competitive recruitment process for the skillset selected against other applicants. If you feel that you are up to the challenge and possess the necessary qualifications, kindly proceed to update your candidate profile on our recruitment portal and apply. Remember to fill out your candidate profile and attach all relevant documents Persons with Disabilities and Female candidates are highly encouraged to apply. Apply https://safaricom.taleo.net/careersection/saf_external_professional/jobdetail.ftl",2021-12-21
2022 Edition Of Mauritius-Africa Scholarship Scheme,https://opportunitiesforyoungkenyans.co.ke/2021/12/21/2022-edition-of-mauritius-africa-scholarship-scheme/,,2021-12-21
Vacant Posts Open At NTSA,https://opportunitiesforyoungkenyans.co.ke/2021/12/21/vacant-posts-open-at-ntsa-2/,,2021-12-21
Vacancies Open At KLB,https://opportunitiesforyoungkenyans.co.ke/2021/12/21/vacancies-open-at-klb/,,2021-12-21
KMTC Hiring CEO,https://opportunitiesforyoungkenyans.co.ke/2021/12/21/kmtc-hiring-ceo/,,2021-12-21
"ADAK Hiring Office Admin  Salary Ksh. 70,350-96,600",https://opportunitiesforyoungkenyans.co.ke/2021/12/21/adak-hiring-office-admin-salary-ksh-70350-96600/,,2021-12-21
North Rift Valley Water Works Hiring CEO,https://opportunitiesforyoungkenyans.co.ke/2021/12/21/north-rift-valley-water-works-hiring-ceo/,,2021-12-21
Embassy Of Ireland In Nairobi Hiring,https://opportunitiesforyoungkenyans.co.ke/2021/12/20/embassy-of-ireland-in-nairobi-hiring/,"overnance and Communications Officer Governance and Communications Officer Embassy of Ireland, Nairobi, KENYA Deadline January 3rd, 2022 Our mission is to promote and protect abroad the values, interests and economic well-being of Ireland and its people. We do this under the political direction of our Ministers, through our staff at home and through our Embassy network abroad. The Embassys role is to deepen bilateral political relations between Ireland and Kenya; serve the needs of Irish citizens; strengthen trade, tourism and investment between our countries and support Kenyas socio-economic development through a targeted development cooperation and trade programme. The Embassy wishes to contract the services of a full-time Governance and Communications Officer. This position is based at Embassy Nairobi and covers all four countries of accreditation (Kenya, Somalia, Sudan and Eritrea). The Governance and Communications Officer will work as part of the Embassy team across the political, development and trade portfolios to: contribute to the oversight of our governance work; deliver informed and insightful political analysis and reporting; develop strategic and engaging communications content on behalf of the Embassy. The successful candidate will: Provide technical analysis and support to the Embassys inclusive governance/gender portfolio including grant oversight of partnerships. This will include regular liaison with implementing partners to include reviewing budgets and work plans and ensuring compliance with grant management standards. Undertake political analysis, reporting and media monitoring across the countries of Embassy accreditation and build robust networks within the Government, media and civil society to deliver trusted tracking of political issues that support overall Embassy engagement (including United Nations Security Council, mission strategy planning and annual business planning). Create strategic and engaging communications content on behalf of the Embassy, including press releases, speeches, social media posts, and website material to promote the Embassys work. Contribute to the development and implementation of the next mission strategy. This role will report directly to the Deputy Head of Mission. The position will engage regularly with the Ambassador and Second Secretary, work closely with other staff at the Embassy to ensure a whole of Embassy approach, and actively engage with stakeholders across the Department as well as the countries of accreditation. Essential requirements candidates must be able to demonstrate: Candidates must have a post-graduate qualification in international relations, communications and/or related field. Candidates must have a minimum of five years relevant experience as a governance/political analyst in Kenya (and/or the Horn of Africa) at a national or regional level providing advice and briefing to senior management. Candidates must have at least three years of experience working on communications with a proven ability to produce high quality written material and the ability to write in an easily understood style and format for a range of audiences (examples may be requested). Candidates must be able to demonstrate excellent written and spoken English. Applicants may be contacted in advance to establish language proficiency and a short written language test may be required. Candidates must be able to proactively work with internal and external stakeholders building and sustaining impactful networks and relationships, in particular with media outlets/journalists, civil society and other policy analysts. Demonstrable capacity to work in complex environments delivering results at pace and under pressure and taking responsibility for outcomes. Demonstrable experience in programme development and management (including budgets). Strong relationships/networks with key national, regional and, ideally, international networks. Resourceful and results-orientated, candidates should be able to demonstrate an ability to problem-solve working both independently and as a team member. High degree of integrity and trust. Proficient with MS Office Suite including Word, Excel, Outlook and Powerpoint and social media platforms; additional IT applications would be beneficial (e.g. working with datasets). Candidates must be able to travel regularly in Kenya and, potentially internationally, up to 30 days/year. The successful candidate must have a legal entitlement to live and work in Kenya prior to recruitment. Desirable competencies candidates are able to demonstrate: Experience with Thinking and Working Politically (TWP). Practical knowledge of programme cycle management including monitoring, evaluation and learning. Terms and conditions of employment: The successful candidates will be hired on an initial 2 year fixed-term contract and will be based at the Embassy Nairobi office. The salary for the position is Ksh 4,368,000 per annum (salary scale of Ksh 4,368,000  Ksh 5,185,700), paid locally on a monthly basis. A pension plan is available to the successful applicant. Salaries are paid direct to a bank account therefore the successful candidate must have a bank account. The positions will have an annual leave allowance of 21 days per annum, exclusive of public holidays, adjusted pro rata . How to apply The Job Description and Application Form for this position are available on our website Working with us  Department of Foreign Affairs (dfa.ie) Completed application forms should be sent via e-mail only to [email protected] , with the subject line Governance and Communications Officer . Applications must be received before 16:30 hrs. (Local time) on January 3 rd , 2022. No CVs will be accepted. No applications will be accepted after this deadline. Please note that only short listed applicants will be contacted. Selection Process: A short-listing of candidates to be called for a competency-based interview will be undertaken based on the Essential/Key Requirements above. A test will be administered for those who progress to the second and final interview stage. It is planned that first interview will be held by video-conference the week commencing January 17, 2021 (TBC) and the second/final round (including test) will be conducted in person. General Data Protection Regulation (GDPR): All personal information received will be kept in line with GDPR guidelines. Security Clearance for Local Staff Police security clearance will be sought in respect of individuals who come under consideration for appointment. Enquiries may also be made with the police force of any country in which the applicant under consideration for appointment resided. If unsuccessful this information will be destroyed. If the applicant subsequently comes under consideration for another position they will be required to supply this information again. Please note that canvassing will disqualify applicants. The Embassy of Kenya is committed to a policy of Equal Opportunity. Data Protection Please read our Privacy Policy Application Form Privacy Policy Cookies Policy An Roinn Gnothai Eachtracha",2021-12-20
National Youth Service Announces Countrywide Recruitment Exercise,https://opportunitiesforyoungkenyans.co.ke/2021/12/20/national-youth-service-announces-countrywide-recruitment-exercise/,"The Kenya National Youth Service wishes to announce to the general public that there will be a recruitment exercise of NYS Volunteers (male and female) throughout the Republic from Monday, 10th to Friday, 14th January, 2022 as per the below requirements and dates schedule. All prospective candidates wishing to be enlisted must meet the following conditions: Be a Kenyan citizen and a resident of the respective Sub County of recruitment. The recruitment age is from 18 to 24 years Have a mean Grade of D plain and above in KCSE Produce Original National Identity Card, Academic Certificates (and avail one set of photocopies of the same at the recruitment center). Must have certificate of Good Conduct. Must be ready to undergo medical check-up during and after the recruitment exercise. Be prepared to undergo rigorous physical training. Be prepared to give voluntary service to the Nation in any part of the Republic of Kenya. Successful candidates will report for the NYS paramilitary training Course at NYS College, Gilgil and NYSTTI Naivasha on dates and times specified in the respective calling letters to be issued. N/B Orphans who meet the qualification requirements as stated above will be given special preference subject to production of sufficient documentary proof such as parents death Certificates or burial permits. Persons living with disability are also encouraged to avail themselves for the recruitment exercise in their respective sub counties and centers provided they are able to withstand the rigorous physical training. NYS does not condone corruption in any form. Canvassing and giving monetary or other consideration for the purpose of admission is an offence which can lead to disqualification and/or prosecution. Instances of this nature should be reported promptly to the Director- General on telephone number 020-2400129 ADVERT-REC-2022 Download",2021-12-20
United Nations Nairobi Office Hiring In Various Sections,https://opportunitiesforyoungkenyans.co.ke/2021/12/15/united-nations-nairobi-office-hiring-in-various-sections/,"Job Openings For information on how to apply for a job, go to Application Process page. To read about recent changes to the application process, click here . Applications from women candidates are strongly encouraged. The United Nations does not charge a fee at any stage of the recruitment process (application, interview meeting, processing, training or any other fees). The United Nations does not concern itself with information on bank accounts. Professional and higher categories Field services General services and related categories National Professional Officers Internship Job Title Level Job ID Job Network Job Family Department/Office Duty station Deadline PROGRAMME MANAGEMENT OFFICER P-4 166434 Economic, Social and Development Programme Management United Nations Environment Programme NAIROBI 27/01/2022 FINANCE AND BUDGET OFFICER P-3 168769 Management and Administration Finance United Nations Environment Programme NAIROBI 27/01/2022 INVESTIGATOR P-4 168214 Management and Administration Investigation Office of Internal Oversight Services NAIROBI 16/01/2022 SENIOR PROGRAMME MANAGEMENT OFFICER P-5 169251 Economic, Social and Development Programme Management United Nations Environment Programme NAIROBI 15/01/2022 SENIOR HUMANITARIAN AFFAIRS OFFICER / DEPUTY HEAD OF OFFICE P-5 170545 Political, Peace and Humanitarian Humanitarian Affairs Office for the Coordination of Humanitarian Affairs NAIROBI 07/01/2022 Chief of Service, Programme Management D-1 165674 Economic, Social and Development Programme Management United Nations Environment Programme NAIROBI 01/01/2022 POLITICAL AFFAIRS OFFICER P-4 167315 Political, Peace and Humanitarian Political Affairs Department of Political and Peacebuilding Affairs-Department of Peace Operations-Shared Structure NAIROBI 01/01/2022 PROGRAMME MANAGEMENT OFFICER [Temporary] P-4 168863 Economic, Social and Development Programme Management United Nations Environment Programme NAIROBI 28/12/2021 FACILITIES MANAGEMENT OFFICER [Temporary] P-3 164948 Logistics, Transportation and Supply Chain Facilities Management United Nations Office at Nairobi NAIROBI 28/12/2021 Crime Prevention and Criminal Justice Officer P-4 168248 Economic, Social and Development Drug Control and Crime Prevention United Nations Office on Drugs and Crime MULTIPLE DUTY STATIONS 25/12/2021 1 2 Sort By select Search Job Openings",2021-12-15
Internship Opportunities Open At United Nations Nairobi Office,https://opportunitiesforyoungkenyans.co.ke/2021/12/15/internship-opportunities-open-at-united-nations-nairobi-office-8/,"Job Openings For information on how to apply for a job, go to Application Process page. To read about recent changes to the application process, click here . Applications from women candidates are strongly encouraged. The United Nations does not charge a fee at any stage of the recruitment process (application, interview meeting, processing, training or any other fees). The United Nations does not concern itself with information on bank accounts. Professional and higher categories Field services General services and related categories National Professional Officers Internship Job Title Level Job ID Job Network Job Family Department/Office Duty station Deadline INTERN  PROGRAMME MANAGEMENT [Temporary] I-1 151343 Internship United Nations Office for Disaster Risk Reduction MULTIPLE DUTY STATIONS 30/01/2022 INTERN  PUBLIC INFORMATION [Temporary] I-1 151335 Internship United Nations Office for Disaster Risk Reduction MULTIPLE DUTY STATIONS 30/01/2022 Intern  Communications and Design [Temporary] I-1 170348 Internship United Nations Human Settlements Programme NAIROBI 23/12/2021 INTERN  PUBLIC INFORMATION  Digital Strategy (6 posts) [Temporary] I-1 170181 Internship United Nations Environment Programme NAIROBI 22/12/2021 INTERN  DRUG CONTROL & CRIME PREVENTION [Temporary] I-1 170276 Internship United Nations Office on Drugs and Crime NAIROBI 22/12/2021 Intern  Innovation, Cities and Blue Economy [Temporary] I-1 170288 Internship United Nations Human Settlements Programme NAIROBI 21/12/2021 OPERATIONS INTERN [Temporary] I-1 169097 Internship Resident Coordinator System NAIROBI 20/12/2021 Human Resource Intern [Temporary] I-1 169806 Internship United Nations Human Settlements Programme NAIROBI 15/12/2021 Sort By select Search Job Openings",2021-12-15
KEMRI Hiring Interns,https://opportunitiesforyoungkenyans.co.ke/2021/12/15/kemri-hiring-interns-2/,"KEMRI has built a strong professional team of over 4,000 employees deployed across the country. We have created a favorable work environment with able mentors who ensure talent is developed. We have also been ranked among the top Research organisations in Africa in research out put. If you experience any delay in receiving an email notification at the end of the e-recruitment registration process, please refresh your email. In case of any challenge, please send your query to [email protected] KEMRI does not charge any fee at any stage of the recruitment process (application, shortlisting, interviewing, and/or offer) Click to view Our Attachment-and-Internship Fact-Sheet AVAILABLE OPENINGS Show 10152550100 entriesSearch: VACANCY NUMBER POSITION DESCRIPTION VACANCY OPENING DATE VACANCY CLOSING DATE DOWNLOAD DOCUMENT New Job Opportunities KEMRI seeks to recruit a dynamic, innovative and experienced person for the following positions: Administrative assistants, Research Scientist, Senior Research Scientists, Clinical Research Scientist, Community Health Worker, Drivers, and Office Assistants. December 3, 2021 December 23, 2021 Download Apply CGHR/233/11/21 Registered Nurse The registered Nurse will report to the Study Coordinator and will be responsible for implementing care interventions based on study participants needs, and filling work is conducted in the highest standards possible as per the Shigella Surveillance study protocol. December 6, 2021 December 26, 2021 Download CGHR/232/11/21 Clerk The Community Interviewer will work under team leads and will be responsible for collecting timely and accurate data from a given number of participants assigned on a daily basis. December 6, 2021 December 26, 2021 Download CGHR/230/11/21 Data Specialist Reporting to the Data Analyst, the Data Specialist will be responsible for the data management procedures of the various sites within Shigella Surveillance Study components. S/he will be expected to work on various databases and therefore should be able to prioritize tasks to meet set deadlines. December 6, 2021 December 26, 2021 Download CGHR/229/11/21 Clinical Officer The Clinical Officer will report to the Research Administrator and will carry out clinical duties, data collection and verification, re interviews. December 6, 2021 December 26, 2021 Download CGHR/228/11/21 Research Scientist (Intern) Applicant must hold a Bachelors / Diploma Degree in Medical Microbiology, Biomedical Sciences, Medical Laboratory Technology or Biochemistry from a recognized university in Kenya December 6, 2021 December 26, 2021 Download Research Scientists Under the guidance of the Malaria/ sequencing head the research scientist role will include running of routine laboratory assays December 1, 2021 December 21, 2021 Download CGHR/223/11/21 Senior Data Manager The successful candidate will work with the Trial Manager and the Principal investigators in organizing and overseeing data collection. November 23, 2021 December 13, 2021 Download CCR/01/11/21 Medical Officer An applicant must posses a bachelors of Medicine and Surgery (MBChB) from an Institution recognized by the Medical Practitioners and Dentist Board. November 23, 2021 December 11, 2021 Download Showing 1 to 9 of 9 entrie",2021-12-15
Internship Opportunity Open At NSSF,https://opportunitiesforyoungkenyans.co.ke/2021/12/15/internship-opportunity-open-at-nssf/,INTERNSHIP OPPORTUNITY  2021/2022 The National Social Security Fund intends to run the above referred program to enable youth gain practical experience on the job training for a period of six (6) Months. This is in line with the Government Youth Initiative to develop a pool of young talent for the Kenyan Labour Market. Download  INTERNSHIP OPPORTUNITY  2021/2022,2021-12-15
Internship Opportunity  Graduate Trainees Needed At ISUZU East Africa,https://opportunitiesforyoungkenyans.co.ke/2021/12/15/internship-opportunity-graduate-trainees-needed-at-isuzu-east-africa/,,2021-12-15
746 Vacant Positions Open At Public Service Commission,https://opportunitiesforyoungkenyans.co.ke/2021/12/15/746-vacant-positions-open-at-public-service-commission/,"Applications are invited from qualified persons for the positions shown below. Interested and qualified persons are required to make their applications ONLINE through the Commission website: www.publicservice.go.ke or jobs portal: www.psckjobs.go.ke Please Note: (i) Candidates should provide all the details requested for in the advertisement. It is an offence to include incorrect information in the application. Details of academic and professional certificates not obtained by closure of the advert should not be included. (ii) Only shortlisted and successful candidates will be contacted. (iii) Canvassing in any form will lead to automatic disqualification. (iv) The Public Service Commission is committed to implementing the provisions of the Constitution  Chapter 232 (1) on fair competition and merit, representation of Kenyans diverse communities and affording equal employment opportunities to men and women, members of all ethnic groups and persons with disabilities. THEREFORE, PEOPLE WITH DISABILITIES, THE MARGINALIZED AND THE MINORITIES ARE ENCOURAGED TO APPLY. (v) Shortlisted candidates shall be required to produce originals of their National Identity Card, academic and professional certificates and transcripts during interviews. (vi) It is a criminal offence to present fake certificates/documents. (vii) Serving officers shall be required to produce the original letter of appointment to their current substantive post during the interview. Applications should reach the Commission on or before deadline date Apply link 1 Apply link 2 Ministry Advert No Department Post Job Group Vacancies Closing Date Public Service Commission 106/2021 Public Service Emerging Leaders Fellowship Programme Others 0 10/01/2022 Click to Apply Click to view Advert Details",2021-12-15
Equity Bank Hiring,https://opportunitiesforyoungkenyans.co.ke/2021/12/06/equity-bank-hiring-15/,"Vacancy Location Closing Date Actions Relationship Officer  Warehouse and Logistics Kenya Dec 11, 2021 Apply  Quality Assurance Coordinator  Nursing Services Kenya Dec 7, 2021 Apply ",2021-12-06
First Community Bank Hiring,https://opportunitiesforyoungkenyans.co.ke/2021/12/06/first-community-bank-hiring-4/,"Looking for a new career opportunity, A new challenge., send your applications to [email protected] before 8th December 2021. To apply Visit our website. https://firstcommunitybank.co.ke/index.php/home/careers",2021-12-06
MP Shah Hiring,https://opportunitiesforyoungkenyans.co.ke/2021/12/06/mp-shah-hiring-4/,M. P. Shah Hospital is looking to recruit ambitious and career-driven persons for the following positions due to the expansion of its services in multi-speciality areas.,2021-12-06
"KIM Hiring Manager, Training And Conferences",https://opportunitiesforyoungkenyans.co.ke/2021/12/06/kim-hiring-manager-training-and-conferences-3/,"WE ARE HIRING Kenya Institute of Management is seeking to recruit results-oriented and self-driven experienced professional to join our team for the position of MANAGER, TRAINING &CONFERENCES. See the below link for more details: https://bit.ly/3CODRfv",2021-12-06
DIB Bank Hiring Accountant-Financial Control,https://opportunitiesforyoungkenyans.co.ke/2021/12/06/dib-bank-hiring-accountant-financial-control/,"We are looking for an Accountant-Financial Control with at least, a Bachelors Degree in a business-related field, CPA(K) & a minimum of 3 years experience in an accounting or audit environment.",2021-12-06
Casting Call  Zebra Productions,https://opportunitiesforyoungkenyans.co.ke/2021/12/06/casting-call-zebra-productions/,CASTING CALL ALERT!!! Zebra Productions is looking for actors (male and female) to fill up the role of secondary school students in a long-term TV series. More details in the poster below.,2021-12-06
Judicial Service Commission Hiring,https://opportunitiesforyoungkenyans.co.ke/2021/12/06/judicial-service-commission-hiring/,"JSC Forms Downloads Income and Liabilities Declaration Form JSC 2 FORM (Non-public office holders) JSC 2A FORM (Public Officers) The Judicial Service Commission is established under Article 171 of the Constitution of Kenya, 2010 , with a mandate of promoting and facilitating the independence and accountability of the Judiciary and the efficient, effective and transparent administration of justice. VACANCY ANNOUNCEMENT 1. POSITION:     CHAIRPERSON, LAND ACQUISITION TRIBUNAL Job Reference Number          : V/No. 29/2021 Number of Posts                     : One (1) Terms of Service                    : Four (4) Years Contract (Part time basis). Renewable once for one more term of 4 years subject to satisfactory performance Remuneration                 : As per guidelines issued by the Salaries and Remuneration Commission Click here to download full advert details for this position Click here to access jobs portal and apply for this position 2. POSITION:     SENIOR PARTNERSHIP AND LINKAGES OFFICER (KJA 4) Job Reference Number          : V/No. 30/2021 Number of Posts                     : One (1) Terms of Service                    : Permanent and Pensionable Gross Salary Scale                 : Kshs. 169,800  227,600 p.m. Click here to download full advert details for this position Click here to access jobs portal and apply for this position 3. POSITION:     MONITORING AND EVALUATION OFFICER I (KJA 5) Job Reference Number          : V/No. 31/2021 Number of Posts                     : One (1) Terms of Service                    : Permanent and Pensionable Gross Salary Scale                 : Kshs. 104,300  131,100 p.m. Click here to download full advert details for this position Click here to access jobs portal and apply for this position 4. POSITION:     CURRICULUM DEVELOPMENT OFFICER I (KJA 5) Job Reference Number          : V/No. 32/2021 Number of Posts                     : One (1) Terms of Service                    : Permanent and Pensionable Gross Salary Scale                 : Kshs. 104,300  131,100 p.m. Click here to download full advert details for this position Click here to access jobs portal and apply for this position",2021-12-06
