title,link,content,date
Flight Attendants Needed,https://opportunitiesforyoungkenyans.co.ke/2018/05/31/flight-attendants-needed/,Flight attendants are needed with awesome qualities as listed below. Minimum Age 22 years. Minimum Experience 3 Years. Experience in war zones preferable. To apply see the details below,2018-05-31
More Than 300 Jobs To Apply From June,https://opportunitiesforyoungkenyans.co.ke/2018/05/30/300-jobs-apply-june/,Securex-50 PCM-5 Wrtiters ICT-25 Media Briche-20 ADAK-5 Sixty Four Hotel- 5 KSG Kenya School of Government have advertised more than 250 jobs to be applied from this month. All applicants must be Kenyan citizens and of sound mind. See details below,2018-05-30
Apply For More Than 250 Jobs Open At Kenya School Of Government,https://opportunitiesforyoungkenyans.co.ke/2018/05/30/apply-250-jobs-open-kenya-school-government/,Kenya School of Government have advertised more than 250 jobs to be applied from this month. All applicants must be Kenyan citizens and of sound mind. See details below,2018-05-30
Job Alert At Youth Lite Kenya,https://opportunitiesforyoungkenyans.co.ke/2018/05/09/job-alert-youth-lite-kenya/,Are you an individual or business looking to involve the youth in opportunities to work on CSR projects or other projects? Our goal is to promote social inclusion of young people. For inquiries on how you can benefit from our services email us : [email protected],2018-05-09
NGO Jobs Open At Action Africa,https://opportunitiesforyoungkenyans.co.ke/2018/05/09/ngo-jobs-open-action-africa/,We are recruiting an Admin Assistant for our Kakuma office. Apply by 14 May 2018. http://www. actionafricahelp.org/careers/,2018-05-09
Job Opportunity At DESK Society,https://opportunitiesforyoungkenyans.co.ke/2018/05/09/job-opportunity-desk-society/,,2018-05-09
AMREF Hiring,https://opportunitiesforyoungkenyans.co.ke/2018/05/09/amref-hiring-2/,AMREF Flying Doctors is seeking to fill the positions of a Captain and First Officer. The positions are based in Nairobi. Click on the links for more information http:// amref.org/vacancies/,2018-05-09
Interns Wanted At Edge Kenya,https://opportunitiesforyoungkenyans.co.ke/2018/05/09/interns-wanted-edge-kenya/,"Were looking to hire individuals for entry level positions to join a young talent management company in Nairobi, to support in recruitment. If interested, send an email with your CV to [email protected] ,",2018-05-09
Web Designers Needed,https://opportunitiesforyoungkenyans.co.ke/2018/05/09/web-designers-needed/,"Do you have a knack for details and an inner drive to submit pixel perfect designs? Then this is for you. We are looking for a passionate web designer with cutting edge skills in PS and AI. Email your sample work and CV to [email protected] by 11th May 2018. We are looking for a Web designer with digital marketing (content creation, Management of social media pages etc) creative. If interested, apply to [email protected] , cc [email protected]",2018-05-09
Jumia Hiring,https://opportunitiesforyoungkenyans.co.ke/2018/05/09/jumia-hiring/,Do you want to make extra cash? Here is the low down. Join the Jumia family to make unlimited income. Sign up today to be an independent Jumia Travel Sales Consultant. Start today! Follow this link for more http:// bit.ly/2KtOLMJ,2018-05-09
Paid Internship Jobs At KRA,https://opportunitiesforyoungkenyans.co.ke/2018/05/09/paid-internship-jobs-kra/,,2018-05-09
NGO Jobs At IMLU,https://opportunitiesforyoungkenyans.co.ke/2018/05/09/ngo-jobs-imlu/,,2018-05-09
Nurse Needed,https://opportunitiesforyoungkenyans.co.ke/2018/05/09/nurse-needed/,We are hiring! https://www. mariestopes.or.ke/join-our-team/ contact-centre-nurse/ ...,2018-05-09
Sales Persons Needed,https://opportunitiesforyoungkenyans.co.ke/2018/05/09/sales-persons-needed-8/,,2018-05-09
Drivers Needed,https://opportunitiesforyoungkenyans.co.ke/2018/05/09/drivers-needed-5/,,2018-05-09
Media Jobs Open In 7 Vacancies,https://opportunitiesforyoungkenyans.co.ke/2018/05/09/media-jobs-open-7-vacancies/,,2018-05-09
Customer Care Reps Wanted,https://opportunitiesforyoungkenyans.co.ke/2018/05/09/customer-care-reps-wanted/,"CUSTOMER REPRESENTATIVE NEEDED : An E-Commerce company looking for good Customer Representatives who will be responsible for receiving customers & vendors engagements, responding to online chats, SMS, emails and social media platforms. WhatsApp 0727061451(HRD)",2018-05-09
HIVOs Hiring,https://opportunitiesforyoungkenyans.co.ke/2018/05/09/hivos-hiring/,Our @ voicetweetz Programme has two job openings in communications. Are you an experienced innovative communications expert? Visit our website for more details https:// east-africa.hivos.org/vacancies/7,2018-05-09
ISA Hiring,https://opportunitiesforyoungkenyans.co.ke/2018/05/09/isa-hiring/,,2018-05-09
Apply For Writing Contest,https://opportunitiesforyoungkenyans.co.ke/2018/05/09/apply-writing-contest/,,2018-05-09
Matwana Culture Hiring,https://opportunitiesforyoungkenyans.co.ke/2018/05/09/matwana-culture-hiring/,,2018-05-09
Graphic Designers Needed At Capital Kenya,https://opportunitiesforyoungkenyans.co.ke/2018/05/09/graphic-designers-needed-capital-kenya/,"Capital FM is looking for a creative, energetic graphic and web designer ready to work under pressure and maintain a good attitude. You could be a part of the Capital FM team if you fit the bill. Check out the requirements below and send your curriculum vitae and portfolio via [email protected] The Role : Working with the creative lead designer to bring campaigns to life and execute high standard creative concepts in an innovative way. The Tools: A good knowledge of the following tools Photoshop Illustrator In Design, added proficiency in Premiere Pro and After Effects would be an added advantage. The Capabilities: As a graphic designer, you will be required to have knowledge of communication design, concept development and an understanding of design for social media. Think you could handle the job? Send in your curriculum vitae and portfolio via [email protected] today. The deadline for submissions is set for 11th May 2018 .",2018-05-09
Personal Assistant Needed,https://opportunitiesforyoungkenyans.co.ke/2018/05/09/personal-assistant-needed/,,2018-05-09
Accountant Needed,https://opportunitiesforyoungkenyans.co.ke/2018/05/09/accountant-needed-4/,Looking for an accountant preferably with a background in handling school based accounts as well a proficiency in Quickbooks. Email CV to [email protected] .,2018-05-09
KTN Hiring,https://opportunitiesforyoungkenyans.co.ke/2018/05/09/ktn-hiring/,WE ARE HIRING: KTN is seeking fresh News anchors both on full time and part-time basis. Send us your picture and a one minute video clip on Whatsapp to Tel No. 0700574747 telling us why you are right for the job. Search closes 15th May 2018,2018-05-09
Paid Internship Opportunity For Students,https://opportunitiesforyoungkenyans.co.ke/2018/05/09/paid-internship-opportunity-students/,INTERNS WANTED. FIELD:ENGINEERING Are you out there or do you know a friend? Write to us today. 0729-300-137  0731-810-483 [email protected] Office.muthaiga http:// suits.No 16 Second Internship Training + PAID Internships! JUNE INTAKE ONGOING! Are you a graduate looking to kick start your career? Join the Skills2Grow Program in June. We provide recent graduates with Training on key skills to make them thrive in the job market. Apply http://www. yusudi.co/youth-247731.h tml,2018-05-09
Hotel Professionals Needed,https://opportunitiesforyoungkenyans.co.ke/2018/05/09/hotel-professionals-needed/,,2018-05-09
Designers Needed,https://opportunitiesforyoungkenyans.co.ke/2018/05/09/designers-needed/,"A reputable interior design company based in Nairobi, with branches in India, Cameroon, and Rwanda is looking to recruit an sales and marketing representatives to be based in Nairobi. Those interested kindly forward your CVs to [email protected]",2018-05-09
,https://opportunitiesforyoungkenyans.co.ke/2018/05/09/7647/,"Careers Our fast expanding client with regional presence seeks to engage passionate and energetic talent in the following positions: LEGAL OFFICER HUMAN RESOURCE OFFICER INTERNAL AUDITOR LEGAL OFFICER Main Purpose of the Job To provide strategic legal advice to The Board and Management so as to enhance good corporate governance and compliance with set laws and regulations. Key Job Skills Sound understanding of the regulatory environment with respect to statutory and regulatory authorities, Excellent knowledge of corporate, regulatory and company law, rules and norms, Leadership and business skills, Communication and negotiation skills, Interpersonal skills, People management skills, Planning and organizational skills, Good presentation skills, High initiative and ability to work independently with minimum supervision, High integrity and good ethical behavior, Attention to detail. Qualifications Bachelor of laws Degree (LLB) from a recognized institution. An advocate of the High Court of Kenya with a current advocates practicing certificate. Must be a Certified Public Secretary and a member of ICPSK At least 4 years relevant experience HUMAN RESOURCE OFFICER Main Purpose of the Job Implementing the HR strategy, policies, processes and procedures while ensuring the organization employs the right balance of staff in terms of skills and experience in order to achieve overall company objectives. Key Job Skills Strategy implementation, Employee relations, Reward management, Change champion who is result oriented, customer service, problem solving skills, analytical skills with attention to detail, team leadership with demonstrated negotiation & interpersonal skills and a high degree of professionalism and ethics, Qualifications Bachelors degree (Human Resource Option) Higher Diploma in Human Resource Management At least 4 years relevant experience Membership to a professional body INTERNAL AUDITOR Main Purpose of the Job To drive the implementation of risk and audit policies and procedures, as well as provide independent and objective assurance on adequacy and effectiveness of organization systems and controls for management of Audit, Risk & Compliance. Key Job Skills Excellent understanding of Audit, Accounting, Finance, Risk & Compliance, Ability to work under pressure, Attention to detail and accuracy, Ability to maintain independence and ethical standards in performance of assignments, Leadership skills, Innovative, Change Champion Qualifications Bachelors Degree in Business related studies Must have CPA (K) /equivalent At least 4 years relevant experience Membership to a professional body Only qualifying & job-matching candidates will be contacted, however, all CVs will remain active in our data bank 0712316888 APPLY HERE",2018-05-09
OL Pejeta Hiring,https://opportunitiesforyoungkenyans.co.ke/2018/05/03/ol-pejeta-hiring/,"WORK OPPORTUNITIES Ol Pejeta is looking to fill the following vacancies. Click on the links below to download the respective job requirements and application procedures. IT ENGINEER  CONSERVATION TECHNOLOGY LAB CHEF VOLUNTEER OPPORTUNITIES Every year, Ol Pejeta receives many requests from volunteers wishing to spend some of their time on the Conservancy helping in any way they can in support of its conservation and community development aims. Ol Pejeta welcomes two types of volunteer: Individuals who wish to donate their skills and time to Ol Pejeta. This is very much for accomplished professionals who have very specific skills and would like to give back to us. Individuals who would like to join our 2-week volunteer program. This program is tailored to provide an immersive, hands-on and fulfilling experience in one of Africas most pristine conservation areas. To learn more about our volunteer program, click here . INTERNSHIP / ATTACHMENT OPPORTUNITIES Ol Pejeta works to provide students with a fulfilling work environment by offering internship / attachment opportunities. Students engaged on internship / attachment programmes are fully immersed into the day-to-day operations of the conservancy to prepare them for productive work opportunities in future. Internship / attachment are usually only offered to Kenyan citizens, but if you are outside of Kenya, please fill in the form and provide us with a CV, and a letter from your college supporting the internship / attachment. We will consider your application carefully. If interested in applying for internship on Ol Pejeta, please click here .",2018-05-03
BOMA Hiring,https://opportunitiesforyoungkenyans.co.ke/2018/05/03/boma-hiring/,Are you a passionate pro in the NGO/humanitarian space? We are hiring! Regional Poverty Graduation Advisor based in Kenya and a Dir of Research Eval and Learning based in U.S. Email [email protected],2018-05-03
KRA Looking For Interns,https://opportunitiesforyoungkenyans.co.ke/2018/05/03/kra-looking-interns/,"Are you an unemployed Kenyan Youth aged between 20 and 34 years who has graduated within the last twelve (12) months? If yes, this is your internship opportunity. Deadline 18th May 2018.Application details click here",2018-05-03
Pilots Needed,https://opportunitiesforyoungkenyans.co.ke/2018/05/03/pilots-needed/,,2018-05-03
Social Media Manager Needed,https://opportunitiesforyoungkenyans.co.ke/2018/05/03/social-media-manager-needed-2/,"Social Media Manager at Leading news website. Please apply and tag your friends and family email cover letter and resume to [email protected] , MUST indicate job title.",2018-05-03
British Council Hiring,https://opportunitiesforyoungkenyans.co.ke/2018/05/03/british-council-hiring-3/,We are tendering for a consultant for a new British Council Cultural Heritage programme. Info: https:// bit.ly/2Kwwf6n To apply visit: https:// bit.ly/2I9k8Oe,2018-05-03
Graphic Designers Needed,https://opportunitiesforyoungkenyans.co.ke/2018/05/03/graphic-designers-needed-3/,Do you have a knack for details and an inner drive to submit pixel perfect designs? Then this is for you. We are looking for a passionate web designer with cutting edge skills in PS and AI. Email your sample work and CV to [email protected] by 11th May 2018.,2018-05-03
Bare Excellence Hiring,https://opportunitiesforyoungkenyans.co.ke/2018/05/03/bare-excellence-hiring/,,2018-05-03
TEDx Talks Invites Youth For Free Viewing,https://opportunitiesforyoungkenyans.co.ke/2018/05/03/tedx-talks-invites-youth-free-viewing/,"DESCRIPTION Welcome to the TEDx Youth @Parklands where we intend to highlight all the amazing ideas and initiatives in Nairobi hence our theme is *Under the Nairobi Blue Sky* The TEDx event will take place at the Michael Joseph Center but we have created centres called Viewing locations where you get to stream whats happening live at MSJ. SHARE WITH FRIENDS Facebook Facebook Messenger LinkedIn Twitter email DATE AND TIME Sat, May 5, 2018 10:00 AM  5:00 PM EAT Add to Calendar LOCATION Strathmore University 00200 Ole Sangale Road Nairobi, Nairobi County View Map Organizer: Ted X Youth @Parklands Strathmore Viewing Committee Organizer of TedxYouth@Parklands Strathmore Viewing Party",2018-05-03
Jubilee Insurance Hiring,https://opportunitiesforyoungkenyans.co.ke/2018/05/03/jubilee-insurance-hiring-2/,,2018-05-03
Sales Persons Wanted,https://opportunitiesforyoungkenyans.co.ke/2018/05/03/sales-persons-wanted-2/,An upcoming Health Focused Food Manufacturer is seeking a highly motivated Sales & Marketing Executive. Send Cv to [email protected],2018-05-03
Photographer Needed,https://opportunitiesforyoungkenyans.co.ke/2018/05/03/photographer-needed-3/,"Seeking an experienced, professional photographer with a background in entertainment industry. Call on: 0755775689",2018-05-03
Shujaaz Hiring,https://opportunitiesforyoungkenyans.co.ke/2018/05/03/shujaaz-hiring-3/,"Are you creative, ambitious & hungry to work for an innovative, progressive & award-winning organisation? If so, today could be your lucky day! @ WellToldStory_ is looking for a PRODUCER for their renowned Shujaaz comic",2018-05-03
Accounts Assistant Wanted,https://opportunitiesforyoungkenyans.co.ke/2018/05/03/accounts-assistant-wanted/,we are looking for an accounts assistant / intern for 2 two month period  experience assisting clients with KRA issues and filing tax returns required. Email [email protected] with your CV.,2018-05-03
UN Hiring,https://opportunitiesforyoungkenyans.co.ke/2018/05/01/un-hiring-3/,Join our growing list of African netentrepreneurs and become an eChampion in your country. Recruitment for the next joint @ UNCTAD and @ AlibabaGroup eFounders training programme is now open http:// unctad.org/en/Pages/eFoun ders-Initiative/eFounders-Initiative.aspx ...,2018-05-01
Apply For Karaoke Auditions,https://opportunitiesforyoungkenyans.co.ke/2018/05/01/apply-karaoke-auditions/,"Can you keep the party going? Come audition to be our next Karaoke Host. 16th May, 2018 at Club Kifaru from 3PM",2018-05-01
Viscar Capacity Hiring,https://opportunitiesforyoungkenyans.co.ke/2018/05/01/viscar-capacity-hiring/,"Are you a dynamic, results orientated team player that excels at fast-paced problem-solving?Apply for the rewarding role of an executive assistant position. Send us your application through [email protected]",2018-05-01
Shujaaz Hiring,https://opportunitiesforyoungkenyans.co.ke/2018/05/01/shujaaz-hiring-2/,,2018-05-01
KRA Internship Opportunities Open,https://opportunitiesforyoungkenyans.co.ke/2018/05/01/kra-internship-opportunities-open/,KRA is offering internship opportunity for those who graduated within the past 12 months guys.,2018-05-01
Digital Designers Needed,https://opportunitiesforyoungkenyans.co.ke/2018/05/01/digital-designers-needed/,WERE HIRING. The Economist is seeking two Digital Designersview the full job specs here: Web/Apps https:// econ.st/2Ji0Gvy Snapchat Discover https:// econ.st/2HTGCAk,2018-05-01
